Workbook

Sheet Master
A1: Type | B1: Sous-ensemble | C1: Sous-ensemble | D1: Sous-ensemble | E1: Sous-ensemble | F1: Sous-ensemble | G1: Sous-ensemble | H1: Sous-ensemble | I1: Sous-ensemble | J1: Sous-ensemble | K1: Sous-ensemble | L1: IFE | M1: IFE | N1: IFE | O1: Sous-ensemble | P1: Sous-ensemble | Q1: Sous-ensemble | R1: Sous-ensemble | S1: Sous-ensemble | T1: Sous-ensemble | U1: IFE | V1: IFE | W1: IFE | X1: Sous-ensemble | Y1: Sous-ensemble | Z1: Sous-ensemble | AA1: Sous-ensemble | AB1: Sous-ensemble | AC1: Sous-ensemble | AD1: Sous-ensemble | AE1: Sous-ensemble | AF1: Sous-ensemble | AG1: IFE | AH1: IFE | AI1: IFE | AJ1: Site assemblage | AK1: Site assemblage | AL1: Site assemblage | AM1: Site assemblage | AN1: Site assemblage | AO1: Sous-ensemble | AP1: Sous-ensemble | AQ1: Sous-ensemble | AR1: Sous-ensemble | AS1: Sous-ensemble | AT1: Sous-ensemble | AU1: Sous-ensemble | AV1: Sous-ensemble | AW1: Sous-ensemble | AX1: Sous-ensemble | AY1: Sous-ensemble | AZ1: Sous-ensemble | BA1: Sous-ensemble | BB1: Sous-ensemble | BC1: Sous-ensemble | BD1: Sous-ensemble | BE1: Sous-ensemble | BF1: Sous-ensemble | BG1: Sous-ensemble | BH1: Sous-ensemble | BI1: Sous-ensemble | BJ1: Sous-ensemble | BK1: Sous-ensemble | BL1: Sous-ensemble | BM1: Sous-ensemble | BN1: Sous-ensemble | BO1: Sous-ensemble | BP1: Sous-ensemble | BQ1: Sous-ensemble | BR1: Sous-ensemble | BS1: Sous-ensemble | BT1: Sous-ensemble | BU1: Sous-ensemble | BV1: Sous-ensemble | BW1: Sous-ensemble | BX1: Sous-ensemble | BY1: Sous-ensemble | BZ1: Sous-ensemble | CA1: Sous-ensemble | CB1: Sous-ensemble | CC1: Sous-ensemble | CD1: Sous-ensemble | CE1: Sous-ensemble | CF1: Sous-ensemble | CG1: Sous-ensemble | CH1: Sous-ensemble | CI1: Sous-ensemble | CJ1: Sous-ensemble | CK1: Sous-ensemble | CL1: Sous-ensemble | CM1: Sous-ensemble | CN1: Sous-ensemble | CO1: Sous-ensemble | CP1: Sous-ensemble | CQ1: Sous-ensemble | CR1: Sous-ensemble | CS1: Sous-ensemble | CT1: Sous-ensemble | CU1: Sous-ensemble | CV1: Sous-ensemble | CW1: Sous-ensemble | CX1: Sous-ensemble | CY1: Sous-ensemble | CZ1: Sous-ensemble | DA1: Sous-ensemble | DB1: Sous-ensemble | DC1: Sous-ensemble | DD1: Sous-ensemble | DE1: Sous-ensemble | DF1: Sous-ensemble | DG1: Sous-ensemble | DH1: Sous-ensemble | DI1: Sous-ensemble | DJ1: Sous-ensemble | DK1: Sous-ensemble | DL1: Sous-ensemble | DM1: Sous-ensemble | DN1: Sous-ensemble | DO1: Sous-ensemble | DP1: Sous-ensemble | DQ1: Sous-ensemble | DR1: Sous-ensemble | DS1: Sous-ensemble | DT1: Sous-ensemble | DU1: Sous-ensemble | DV1: Sous-ensemble | DW1: Sous-ensemble | DX1: Sous-ensemble | DY1: Sous-ensemble | DZ1: Sous-ensemble | EA1: Sous-ensemble | EB1: Sous-ensemble | EC1: Sous-ensemble | ED1: Sous-ensemble | EE1: Sous-ensemble | EF1: Sous-ensemble | EG1: Sous-ensemble | EH1: Sous-ensemble | EI1: Sous-ensemble | EJ1: Sous-ensemble | EK1: Sous-ensemble | EL1: Sous-ensemble | EM1: Sous-ensemble | EN1: Sous-ensemble | EO1: Sous-ensemble | EP1: Sous-ensemble | EQ1: Sous-ensemble | ER1: Sous-ensemble | ES1: Sous-ensemble | ET1: Sous-ensemble | EU1: Sous-ensemble | EV1: Sous-ensemble | EW1: Sous-ensemble | EX1: Sous-ensemble | EY1: Sous-ensemble | EZ1: Sous-ensemble | FA1: Sous-ensemble | FB1: Sous-ensemble | FC1: Sous-ensemble | FD1: Sous-ensemble | FE1: Sous-ensemble | FF1: Sous-ensemble | FG1: Sous-ensemble | FH1: Sous-ensemble | FI1: Sous-ensemble | FJ1: Sous-ensemble | FK1: Sous-ensemble | FL1: Sous-ensemble | FM1: Sous-ensemble | FN1: Sous-ensemble | FO1: Sous-ensemble | FP1: Sous-ensemble | FQ1: Sous-ensemble | FR1: Sous-ensemble | FS1: Sous-ensemble | FT1: Sous-ensemble | FU1: Sous-ensemble | FV1: Sous-ensemble | FW1: Sous-ensemble | FX1: Sous-ensemble | FY1: Sous-ensemble | FZ1: Sous-ensemble | GA1: Sous-ensemble | GB1: Sous-ensemble | GC1: Sous-ensemble | GD1: Sous-ensemble | GE1: Sous-ensemble | GF1: Sous-ensemble | GG1: Sous-ensemble | GH1: Sous-ensemble | GI1: Sous-ensemble | GJ1: Sous-ensemble | GK1: Sous-ensemble | GL1: Sous-ensemble | GM1: Sous-ensemble | GN1: Sous-ensemble | GO1: Sous-ensemble | GP1: Sous-ensemble | GQ1: Sous-ensemble | GR1: Sous-ensemble | GS1: Sous-ensemble | GT1: Sous-ensemble | GU1: Sous-ensemble | GV1: Sous-ensemble | GW1: Sous-ensemble | GX1: Sous-ensemble | GY1: Sous-ensemble | GZ1: Sous-ensemble | HA1: Sous-ensemble | HB1: Sous-ensemble | HC1: Sous-ensemble | HD1: Sous-ensemble | HE1: Sous-ensemble | HF1: Sous-ensemble | HG1: Sous-ensemble | HH1: Sous-ensemble | HI1: Sous-ensemble | HJ1: Sous-ensemble | HK1: Sous-ensemble | HL1: Sous-ensemble | HM1: Sous-ensemble | HN1: Sous-ensemble | HO1: Sous-ensemble | HP1: Sous-ensemble | HQ1: Sous-ensemble | HR1: Sous-ensemble | HS1: Sous-ensemble | HT1: Sous-ensemble | HU1: Sous-ensemble | HV1: Sous-ensemble | HW1: Sous-ensemble | HX1: Sous-ensemble | HY1: Livraison | HZ1: Livraison | IA1: Utilisation 1 an | IB1: Utilisation 1 an | IC1: Utilisation 1 an | ID1: Utilisation 7 ans | IE1: Utilisation 7 ans | IF1: Utilisation 7 ans | IG1: Fin de vie | IH1: Fin de vie | II1: Fin de vie | IJ1: Fin de vie | IK1: Fin de vie | IL1: Fin de vie | IM1: Fin de vie | IN1: Fin de vie | IO1: Fin de vie | IP1: Fin de vie | IQ1: Fin de vie | IR1: Fin de vie | IS1: Fin de vie | IT1: Fin de vie | IU1: Fin de vie | IV1: Fin de vie | IW1: Fin de vie | IX1: Fin de vie | IY1: Fin de vie | IZ1: Fin de vie
A2: Système | B2: Brackets set | C2: Brackets set | D2: Brackets set | E2: Ceinture de sécurité | F2: Ceinture de sécurité | G2: Ceinture de sécurité | H2: Ceinture de sécurité | I2: Commande actionnement ECU | J2: Commande actionnement ECU | K2: Commande actionnement ECU | L2: Ecran | M2: Ecran | N2: Ecran | O2: lightning | P2: lightning | Q2: lightning | R2: Padding | S2: Padding | T2: Padding | U2: Powerbox | V2: Powerbox | W2: Powerbox | X2: Remote extender unit | Y2: Remote extender unit | Z2: Remote extender unit | AA2: SFCU | AB2: SFCU | AC2: SFCU | AD2: Support clamps | AE2: Support clamps | AF2: Support clamps | AG2: System IFE | AH2: System IFE | AI2: System IFE | AJ2: Site assemblage | AK2: Site assemblage | AL2: Site assemblage | AM2: Site assemblage | AN2: Site assemblage | AO2: Accoudoir allée | AP2: Accoudoir allée | AQ2: Accoudoir allée | AR2: Accoudoir allée | AS2: Accoudoir allée | AT2: Accoudoir allée | AU2: Accoudoir allée | AV2: Accoudoir allée | AW2: Accoudoir allée | AX2: Accoudoir allée | AY2: Bumper version porte | AZ2: Bumper version porte | BA2: Bumper version porte | BB2: Bumper version porte | BC2: Bumper version porte | BD2: Bumper version porte | BE2: Capot NFC | BF2: Capot NFC | BG2: Capot NFC | BH2: Coussin ottoman | BI2: Coussin ottoman | BJ2: Coussin ottoman | BK2: Coussin ottoman | BL2: Coussin ottoman | BM2: Coussin ottoman | BN2: Coussin têtière | BO2: Coussin têtière | BP2: Coussin têtière | BQ2: Coussin têtière | BR2: Coussin têtière | BS2: Coussin têtière | BT2: Ens. Coussin assise | BU2: Ens. Coussin assise | BV2: Ens. Coussin assise | BW2: Ens. Coussin assise | BX2: Ens. Coussin assise | BY2: Ens.coussin dossier version têtière | BZ2: Ens.coussin dossier version têtière | CA2: Ens.coussin dossier version têtière | CB2: Ens.coussin dossier version têtière | CC2: Ens.coussin dossier version têtière | CD2: Ens.coussin dossier version têtière | CE2: Ens. Coussin dossier | CF2: Ens. Coussin dossier | CG2: Ens. Coussin dossier | CH2: Ens. Coussin dossier | CI2: Ens. Coussin dossier | CJ2: Ens. Coussin dossier | CK2: Ens. Stowage latéral | CL2: Ens. Stowage latéral | CM2: Ens. Stowage latéral | CN2: Ens. Stowage latéral | CO2: Ens. Stowage latéral | CP2: Ens. Stowage latéral | CQ2: Ens. Stowage latéral | CR2: Ens. Stowage latéral | CS2: Ens. Stowage latéral | CT2: Ens. Stowage latéral | CU2: Ens. Stowage latéral | CV2: Ens. Coque | CW2: Ens. Coque | CX2: Ens. Coque | CY2: Ens. Coque | CZ2: Ens. Coque | DA2: Ens. Equipements latéraux | DB2: Ens. Equipements latéraux | DC2: Ens. Equipements latéraux | DD2: Ens. Equipements latéraux | DE2: Ens. Equipements latéraux | DF2: Ens. Equipements latéraux | DG2: Ens. Equipements latéraux | DH2: Ens. Palette optimisée | DI2: Ens. Palette optimisée | DJ2: Ens. Palette optimisée | DK2: Ens. Palette optimisée | DL2: Ens. Palette optimisée | DM2: Ens. Palette optimisée | DN2: Ens. Palette optimisée | DO2: Ens. Palette optimisée | DP2: Ens. Palette optimisée | DQ2: Ensemble porte | DR2: Ensemble porte | DS2: Ensemble porte | DT2: Ensemble porte | DU2: Ensemble porte | DV2: Ensemble porte | DW2: Ensemble porte | DX2: Ensemble porte | DY2: Ensemble porte | DZ2: Ens. Structure fauteuil | EA2: Ens. Structure fauteuil | EB2: Ens. Structure fauteuil | EC2: Ens. Structure fauteuil | ED2: Ens. Structure fauteuil | EE2: Ens. Structure fauteuil | EF2: Ens. Structure fauteuil | EG2: Ens. Structure fauteuil | EH2: Ens. Structure fauteuil | EI2: Ens. Structure fauteuil | EJ2: Ens. Structure porte | EK2: Ens. Structure porte | EL2: Ens. Structure fixe | EM2: Ens. Structure fixe | EN2: Ens. Structure fixe | EO2: Ens. Structure fixe | EP2: Ens. Structure fixe | EQ2: Ens. Structure fixe | ER2: Ens. Structure fixe | ES2: Ens. Structure fixe | ET2: Ens. Tablette cocktail | EU2: Ens. Tablette cocktail | EV2: Ens. Tablette cocktail | EW2: Ens. Tablette cocktail | EX2: Ens. Tablette cocktail | EY2: Ens. Tablette cocktail | EZ2: Ens. Tablette cocktail | FA2: Ens. Tablette cocktail | FB2: Ens. Tablette cocktail | FC2: Ens. Tablette repas | FD2: Ens. Tablette repas | FE2: Ens. Tablette repas | FF2: Ens. Tablette repas | FG2: Ens. Tablette repas | FH2: Ens. Tablette repas | FI2: Ens. Tablette repas | FJ2: Ens. Tablette repas | FK2: Ens. Tablette repas | FL2: Ens. Tablette repas | FM2: Ens. Tablette repas | FN2: Ens. Têtière | FO2: Ens. Têtière | FP2: Ens. Têtière | FQ2: Ens. Têtière | FR2: Ens. Têtière | FS2: Ens. Têtière | FT2: Ens. Têtière | FU2: Habillage sous fauteuil | FV2: Habillage sous fauteuil | FW2: Habillage sous fauteuil | FX2: Habillage sous fauteuil | FY2: Habillage sous fauteuil | FZ2: Manchette acc. Mobile | GA2: Manchette acc. Mobile | GB2: Manchette acc. Mobile | GC2: Manchette acc. Mobile | GD2: Manchette acc. Mobile | GE2: Manchette acc. Mobile | GF2: Manchette équipée | GG2: Manchette équipée | GH2: Manchette équipée | GI2: Manchette équipée | GJ2: Manchette équipée | GK2: Manchette équipée | GL2: Manchette équipée | GM2: Renfort tubulaire | GN2: Renfort tubulaire | GO2: Renfort tubulaire | GP2: Renfort tubulaire | GQ2: Renfort tubulaire | GR2: Stowage assemblé avec porte | GS2: Stowage assemblé avec porte | GT2: Stowage assemblé avec porte | GU2: Stowage assemblé avec porte | GV2: Stowage assemblé avec porte | GW2: Stowage assemblé avec porte | GX2: Stowage assemblé avec porte | GY2: Stowage assemblé avec porte | GZ2: Stowage assemblé avec porte | HA2: Stowage assemblé avec porte | HB2: Stowage assemblé avec porte | HC2: Structure ottoman horizontale | HD2: Structure ottoman horizontale | HE2: Structure ottoman horizontale | HF2: Structure ottoman horizontale | HG2: Structure ottoman horizontale | HH2: Support écran | HI2: Support écran | HJ2: Support écran | HK2: Support écran | HL2: Support écran | HM2: Support écran | HN2: Support équipé | HO2: Support équipé | HP2: Support équipé | HQ2: Support équipé | HR2: Support manchette équipée | HS2: Support manchette équipée | HT2: Support manchette équipée | HU2: Support manchette équipée | HV2: Support NFC | HW2: Support NFC | HX2: Support NFC | HY2: Livraison à Hambourg | HZ2: Livraison à Hambourg | IA2: Consommation passive | IB2: Consommation passive | IC2: Entretien | ID2: Consommation passive | IE2: Consommation passive | IF2: Entretien | IG2: Enfouissement | IH2: Enfouissement | II2: Enfouissement | IJ2: Enfouissement | IK2: Enfouissement | IL2: Recyclage | IM2: Recyclage | IN2: Recyclage | IO2: Recyclage | IP2: Recyclage | IQ2: Recyclage | IR2: Recyclage | IS2: Recyclage | IT2: Recyclage | IU2: Recyclage | IV2: Recyclage | IW2: Recyclage | IX2: Recyclage | IY2: Recyclage | IZ2: Recyclage
A3: Composant | B3: cables | C3: packaging | D3: Transport | E3: acier | F3: nylon | G3: packaging | H3: Transport | I3: Commande actionnement ECU | J3: packaging | K3: Transport | L3: Ecran | M3: packaging | N3: Transport | O3: lightning | P3: packaging | Q3: Transport | R3: packaging | S3: Padding | T3: Transport | U3: packaging | V3: powerbox | W3: Transport | X3: packaging | Y3: télécommande | Z3: Transport | AA3: packaging | AB3: Clavier | AC3: Transport | AD3: acier | AE3: nylon | AF3: packaging | AG3: packaging | AH3: System IFE boitier | AI3: Transport | AJ3: élec atelier | AK3: élec bureaux | AL3: gaz atelier | AM3: gaz bureaux | AN3: papierassemblage | AO3: 30NCD6 | AP3: A2017 | AQ3: A2024 | AR3: A5086 | AS3: acier | AT3: Alu | AU3: Ertalon | AV3: inox | AW3: packaging | AX3: Transport | AY3: A5086 | AZ3: acier | BA3: alliage Cu | BB3: Copolymere Lexan FST | BC3: packaging | BD3: Transport | BE3: kydex | BF3: packaging | BG3: Transport | BH3: FRMC55 | BI3: kydex | BJ3: packaging | BK3: tissu | BL3: Transport | BM3: velours | BN3: FRMC55 | BO3: packaging | BP3: tissu | BQ3: Transport | BR3: velcro | BS3: velours | BT3: FRMC55 | BU3: packaging | BV3: tissu | BW3: Transport | BX3: velours | BY3: FRMC55 | BZ3: packaging | CA3: tissu | CB3: Transport | CC3: velcro | CD3: velours | CE3: FRMC55 | CF3: packaging | CG3: tissu | CH3: Transport | CI3: velcro | CJ3: velours | CK3: 15CDV6 | CL3: A2017 | CM3: A5086 | CN3: acier | CO3: cuir | CP3: Ertalon | CQ3: FRMC55 | CR3: kydex | CS3: nylon | CT3: packaging | CU3: Transport | CV3: acier | CW3: NIDA | CX3: packaging | CY3: Résine BR623 | CZ3: Transport | DA3: A5086 | DB3: acier | DC3: Ertalon | DD3: nylon | DE3: packaging | DF3: Transport | DG3: velours | DH3: 35NC6 | DI3: A2017 | DJ3: acier | DK3: Alu | DL3: inox | DM3: nylon | DN3: packaging | DO3: Polychloroprene | DP3: Transport | DQ3: acier | DR3: AER film | DS3: Alu | DT3: Ertalon | DU3: inox | DV3: kydex | DW3: nylon | DX3: packaging | DY3: Transport | DZ3: 35NC6 | EA3: 4140 | EB3: A2017 | EC3: A2024 | ED3: A5086 | EE3: acier | EF3: inox | EG3: nylon | EH3: packaging | EI3: Transport | EJ3: velcro | EK3: Z10CNT18 | EL3: 35NC6 | EM3: acier | EN3: Alu | EO3: caoutchouc | EP3: inox | EQ3: nylon | ER3: packaging | ES3: Transport | ET3: A2017 | EU3: A2024 | EV3: acier | EW3: inox | EX3: kydex | EY3: nylon | EZ3: packaging | FA3: tissu | FB3: Transport | FC3: A2017 | FD3: A2024 | FE3: A2075 | FF3: acier | FG3: Ertalon | FH3: inox | FI3: kydex | FJ3: nylon | FK3: packaging | FL3: Silicone50 shore | FM3: Transport | FN3: A2017 | FO3: A2024 | FP3: inox | FQ3: nylon | FR3: packaging | FS3: tissu | FT3: Transport | FU3: A5086 | FV3: acier | FW3: packaging | FX3: Transport | FY3: velours | FZ3: A5086 | GA3: Alu | GB3: cuir | GC3: FRMC55 | GD3: packaging | GE3: Transport | GF3: A5086 | GG3: acier | GH3: cuir | GI3: FRMC55 | GJ3: packaging | GK3: Transport | GL3: velcro | GM3: A5086 | GN3: A6060 | GO3: acier | GP3: packaging | GQ3: Transport | GR3: 35NC6 | GS3: A2017 | GT3: A5086 | GU3: acier | GV3: Ertalon | GW3: inox | GX3: kydex | GY3: nylon | GZ3: packaging | HA3: Silicone | HB3: Transport | HC3: A5086 | HD3: acier | HE3: Ertalon | HF3: packaging | HG3: Transport | HH3: A2017 | HI3: A5086 | HJ3: acier | HK3: inox | HL3: packaging | HM3: Transport | HN3: A5086 | HO3: acier | HP3: packaging | HQ3: Transport | HR3: A5086 | HS3: acier | HT3: packaging | HU3: Transport | HV3: A5086 | HW3: packaging | HX3: Transport | HY3: packaging | HZ3: Transport | IA3: EU-28: Kerosene / Jet A1 at refinery Sphera | IB3: GLO: Cargo plane, 65 t payload Sphera <u-so> | IC3: Nettoyage et désinfection | ID3: EU-28: Kerosene / Jet A1 at refinery Sphera | IE3: GLO: Cargo plane, 65 t payload Sphera <u-so> | IF3: Nettoyage et désinfection | IG3: Landfill Acier (11,54 kg) | IH3: Landfill Aluminium (69,53 kg) | II3: Landfill DEEE (9,55 kg) | IJ3: landfill plastique (21,36 kg) | IK3: landfill textile (2,34 kg) | IL3: Credit Recyclage Acier | IM3: Credit Recyclage Aluminium | IN3: Credit Recyclage DEEE | IO3: Credit Recyclage plastiques | IP3: incinération Covers | IQ3: Incineration plastiques | IR3: Mise en décharche Acier | IS3: Mise en décharge Aluminium | IT3: Mise en décharge DEEE | IU3: Mise en décharge Plastiques | IV3: Mise en décharge Textile | IW3: Process recyclage Acier | IX3: Process recyclage Alu | IY3: Process recyclage DEEE | IZ3: Process recyclage Plastiques
A4: EF 3.0 Acidification [Mole of H+ eq.] | B4: 0.0522 | C4: 0.00103 | D4: 0.000316 | E4: 0.00568 | F4: 0.00299 | G4: 0.000968 | H4: 0.0215 | I4: 2.13 | J4: 0.00486 | K4: 0.000324 | L4: 1.33 | M4: 0.00729 | N4: 0.0865 | O4: 1.25 | P4: 0.00486 | Q4: 0.000333 | R4: 0.00426 | S4: 0.0286 | T4: 0.00159 | U4: 0.00486 | V4: 0.169 | W4: 0.0558 | X4: 0.00486 | Y4: 0.315 | Z4: 0.000198 | AA4: 0.00486 | AB4: 0.0349 | AC4: 0.0158 | AD4: 0.0101 | AE4: 0.0219 | AF4: 1.94e-06 | AG4: 0.00486 | AH4: 1.25 | AI4: 0.000324 | AJ4: 0.0247 | AK4: 0.00131 | AL4: 0.00921 | AM4: 0.000695 | AN4: 1.15e-05 | AO4: 0.00021161998 | AP4: 0.132 | AQ4: 0.00802 | AR4: 0.0141 | AS4: 0.00556 | AT4: 0.00525 | AU4: 0.000162 | AV4: 0.000516 | AW4: 0.000109 | AX4: 0.00202 | AY4: 0.00108 | AZ4: 0.000188 | BA4: 9.23e-05 | BB4: 0.00113 | BC4: 0.000679 | BD4: 0.0013 | BE4: 0.000433 | BF4: 0.000509 | BG4: 2.42e-05 | BH4: 0.00923 | BI4: 0.000232 | BJ4: 0.00326 | BK4: 0.176 | BL4: 0.00248 | BM4: 0.000438 | BN4: 0.00111 | BO4: 0.000679 | BP4: 0.105 | BQ4: 0.000447 | BR4: 9.02e-05 | BS4: 3.87e-05 | BT4: 0.008 | BU4: 0.00295 | BV4: 0.228 | BW4: 0.00188 | BX4: 0.000322 | BY4: 0.00784 | BZ4: 0.00326 | CA4: 0.425 | CB4: 0.00224 | CC4: 6.44e-05 | CD4: 0.000103 | CE4: 0.01 | CF4: 0.00326 | CG4: 0.413 | CH4: 0.00246 | CI4: 7.73e-05 | CJ4: 0.000283 | CK4: 0.000172 | CL4: 0.00622 | CM4: 0.00967 | CN4: 0.000119 | CO4: 0.00256 | CP4: 4.8221809e-05 | CQ4: 0.000147 | CR4: 0.00728 | CS4: 0.000102 | CT4: 9.72e-05 | CU4: 0.000764 | CV4: 0.00188 | CW4: 0.0571 | CX4: 0.022 | CY4: 0.013 | CZ4: 0.00452 | DA4: 0.163 | DB4: 0.000781 | DC4: 2.8e-06 | DD4: 4.39e-05 | DE4: 2.36e-08 | DF4: 0.00495 | DG4: 0.000103 | DH4: 0.000447 | DI4: 0.713 | DJ4: 0.00455 | DK4: 0.00961 | DL4: 0.000677 | DM4: 0.000681 | DN4: 0.000511 | DO4: 2.32e-05 | DP4: 0.00821 | DQ4: 0.000338 | DR4: 0.00246 | DS4: 0.314 | DT4: 3.21e-05 | DU4: 0.000136 | DV4: 0.00868 | DW4: 0.000177 | DX4: 0.000511 | DY4: 0.00401 | DZ4: 0.0123 | EA4: 1.74e-05 | EB4: 0.78 | EC4: 0.318 | ED4: 0.0213 | EE4: 0.0146 | EF4: 0.00133 | EG4: 0.00247 | EH4: 0.0106 | EI4: 0.632 | EJ4: 0.000773 | EK4: 0.0256 | EL4: 0.00011 | EM4: 0.0112 | EN4: 0.188 | EO4: 0.000169 | EP4: 0.00077 | EQ4: 0.000454 | ER4: 0.00397 | ES4: 0.00154 | ET4: 0.756 | EU4: 0.0146 | EV4: 0.00888 | EW4: 0.000342 | EX4: 0.00285 | EY4: 0.00444 | EZ4: 7.84e-05 | FA4: 0.00116 | FB4: 0.0013 | FC4: 0.26664123 | FD4: 0.076474855 | FE4: 0.0014689978 | FF4: 0.00091310102 | FG4: 0.00011321428 | FH4: 0.000399 | FI4: 0.00037 | FJ4: 0.000604 | FK4: 4.67e-05 | FL4: 1.34e-05 | FM4: 0.000992 | FN4: 0.0197 | FO4: 0.00129 | FP4: 2.68e-05 | FQ4: 5.92e-05 | FR4: 0.00155 | FS4: 0.105 | FT4: 0.000207 | FU4: 0.0513 | FV4: 0.000212 | FW4: 2.36e-08 | FX4: 0.000329 | FY4: 9.02e-05 | FZ4: 0.00488 | GA4: 4.55e-05 | GB4: 0.000891 | GC4: 0.000358 | GD4: 1.68e-05 | GE4: 0.0152 | GF4: 0.00789 | GG4: 0.000162 | GH4: 0.00137 | GI4: 0.000358 | GJ4: 1.68e-05 | GK4: 0.0172 | GL4: 7.73e-05 | GM4: 0.0417 | GN4: 0.0138 | GO4: 0.00045 | GP4: 0.00225 | GQ4: 0.000883 | GR4: 6.2702216e-05 | GS4: 0.30200223 | GT4: 0.11008127 | GU4: 0.00073955775 | GV4: 0.00032147873 | GW4: 0.000265 | GX4: 0.00142 | GY4: 0.000681 | GZ4: 8.76e-05 | HA4: 1.34e-05 | HB4: 0.00186 | HC4: 0.0863 | HD4: 0.000522 | HE4: 4.41e-06 | HF4: 7.3e-05 | HG4: 0.000352 | HH4: 0.1 | HI4: 0.0227 | HJ4: 0.00045 | HK4: 0.000399 | HL4: 4.38e-05 | HM4: 0.000666 | HN4: 0.00443 | HO4: 2.35e-05 | HP4: 0.000509 | HQ4: 2.83e-05 | HR4: 0.00524 | HS4: 4.58e-05 | HT4: 0.000509 | HU4: 3.09e-05 | HV4: 0.000448 | HW4: 0.000509 | HX4: 1.68e-05 | HY4: 0.0807 | HZ4: 0.117 | IA4: 28.1 | IB4: 235 | IC4: 0.0652 | ID4: =IA4*7 -> 196.7 | IE4: =IB4*7 -> 1645 | IF4: =IC4*7 -> 0.4564 | IG4: 0.00124 | IH4: 0.00749 | II4: 0.0162 | IJ4: 0.00459 | IK4: 0.000854 | IL4: -0.258 | IM4: -2.62 | IN4: -2.29 | IO4: -0.0502 | IP4: 0.000835 | IQ4: -0.010884866 | IR4: 0.00018634277 | IS4: 0.0011235354 | IT4: 0.011641631 | IU4: 0.0011828875 | IV4: 0.00076455769 | IW4: 0.0082 | IX4: 0.0494 | IY4: 0.00708 | IZ4: 0.00122
A5: EF 3.0 Climate Change - total [kg CO2 eq.] | B5: 19.1 | C5: 0.263 | D5: 0.0529 | E5: 2.16 | F5: 1.69 | G5: 0.244 | H5: 5.37 | I5: 291 | J5: 0.928 | K5: 0.0542 | L5: 174 | M5: 1.39 | N5: 21.6 | O5: 215 | P5: 0.928 | Q5: 0.0558 | R5: 0.738 | S5: 3.98 | T5: 0.265 | U5: 0.928 | V5: 21.8 | W5: 13.9 | X5: 0.928 | Y5: 43.7 | Z5: 0.0332 | AA5: 0.928 | AB5: 5.48 | AC5: 3.95 | AD5: 3.81 | AE5: 9.12 | AF5: 0.000371 | AG5: 0.928 | AH5: 582 | AI5: 0.0542 | AJ5: 10.5 | AK5: 0.56 | AL5: 13.7 | AM5: 1.03 | AN5: 0.00144 | AO5: 0.080054962 | AP5: 28.7 | AQ5: 1.63 | AR5: 3.19 | AS5: 2.11 | AT5: 1.07 | AU5: 0.0732 | AV5: 0.079 | AW5: 0.0179 | AX5: 0.338 | AY5: 0.243 | AZ5: 0.0712 | BA5: 0.0114 | BB5: 0.591 | BC5: 0.117 | BD5: 0.218 | BE5: 0.164 | BF5: 0.0875 | BG5: 0.00404 | BH5: 3.69 | BI5: 0.0877 | BJ5: 0.56 | BK5: 7.14 | BL5: 0.416 | BM5: 0.222 | BN5: 0.444 | BO5: 0.117 | BP5: 4.23 | BQ5: 0.0748 | BR5: 0.0456 | BS5: 0.0196 | BT5: 3.2 | BU5: 0.508 | BV5: 9.24 | BW5: 0.315 | BX5: 0.163 | BY5: 3.13 | BZ5: 0.56 | CA5: 17.2 | CB5: 0.375 | CC5: 0.0326 | CD5: 0.0521 | CE5: 4 | CF5: 0.56 | CG5: 16.7 | CH5: 0.412 | CI5: 0.0391 | CJ5: 0.143 | CK5: 0.0652 | CL5: 1.4 | CM5: 2.18 | CN5: 0.0451 | CO5: 0.357 | CP5: 0.021820198 | CQ5: 0.0587 | CR5: 2.75 | CS5: 0.0426 | CT5: 0.0159 | CU5: 0.128 | CV5: 0.984 | CW5: 21.9 | CX5: 6.01 | CY5: 4.81 | CZ5: 0.756 | DA5: 36.8 | DB5: 0.295 | DC5: 0.00127 | DD5: 0.0183 | DE5: 3.86e-06 | DF5: 0.828 | DG5: 0.0521 | DH5: 0.169 | DI5: 159 | DJ5: 1.72 | DK5: 2.2 | DL5: 0.104 | DM5: 0.284 | DN5: 0.0837 | DO5: 0.0143 | DP5: 1.37 | DQ5: 0.128 | DR5: 0.929 | DS5: 64 | DT5: 0.0145 | DU5: 0.0208 | DV5: 3.28 | DW5: 0.0739 | DX5: 0.0837 | DY5: 0.671 | DZ5: 4.41 | EA5: 0.00622 | EB5: 161 | EC5: 65.4 | ED5: 4.68 | EE5: 5.25 | EF5: 0.199 | EG5: 0.653 | EH5: 1.85 | EI5: 158 | EJ5: 0.391 | EK5: 3.84 | EL5: 0.0575 | EM5: 4.25 | EN5: 40.7 | EO5: 0.0502 | EP5: 0.118 | EQ5: 0.189 | ER5: 1.12 | ES5: 0.258 | ET5: 162 | EU5: 3.49 | EV5: 3.36 | EW5: 0.0523 | EX5: 1.08 | EY5: 1.85 | EZ5: 0.021 | FA5: 0.0468 | FB5: 0.217 | FC5: 60.130936 | FD5: 16.028695 | FE5: 0.29786417 | FF5: 0.34542234 | FG5: 0.051234094 | FH5: 0.0611 | FI5: 0.14 | FJ5: 0.252 | FK5: 0.00765 | FL5: 0.0047 | FM5: 0.166 | FN5: 3.99 | FO5: 0.262 | FP5: 0.00377 | FQ5: 0.0247 | FR5: 0.259 | FS5: 4.23 | FT5: 0.0346 | FU5: 13.3 | FV5: 0.0803 | FW5: 3.86e-06 | FX5: 0.055 | FY5: 0.0456 | FZ5: 1.07 | GA5: 0.0091 | GB5: 0.124 | GC5: 0.143 | GD5: 0.00263 | GE5: 3.77 | GF5: 1.74 | GG5: 0.0571 | GH5: 0.191 | GI5: 0.143 | GJ5: 0.00263 | GK5: 4.28 | GL5: 0.0391 | GM5: 9.41 | GN5: 3.75 | GO5: 0.17 | GP5: 0.619 | GQ5: 0.148 | GR5: 0.023719989 | GS5: 73.118711 | GT5: 24.895417 | GU5: 0.27977163 | GV5: 0.14546799 | GW5: 0.0405 | GX5: 0.536 | GY5: 0.284 | GZ5: 0.0143 | HA5: 0.0047 | HB5: 0.312 | HC5: 19.5 | HD5: 0.198 | HE5: 0.00199 | HF5: 0.0119 | HG5: 0.0589 | HH5: 23.5 | HI5: 5.21 | HJ5: 0.17 | HK5: 0.0611 | HL5: 0.00717 | HM5: 0.111 | HN5: 1 | HO5: 0.00889 | HP5: 0.0875 | HQ5: 0.00473 | HR5: 1.18 | HS5: 0.017 | HT5: 0.0875 | HU5: 0.00517 | HV5: 0.101 | HW5: 0.0875 | HX5: 0.00281 | HY5: 19.4 | HZ5: 19.6 | IA5: 8260 | IB5: 57600 | IC5: 11.6 | ID5: =IA5*7 -> 57820 | IE5: 403200 | IF5: =IC5*7 -> 81.2 | IG5: 0.176 | IH5: 1.06 | II5: 3.08 | IJ5: 1.53 | IK5: 2.97 | IL5: -39.8 | IM5: -540 | IN5: -473 | IO5: -19.8 | IP5: -0.406 | IQ5: 9.9101112 | IR5: 0.026323092 | IS5: 0.15874452 | IT5: 2.2186025 | IU5: 0.39595327 | IV5: 2.6583038 | IW5: 3.34 | IX5: 20.1 | IY5: 2.92 | IZ5: 1
A6: EF 3.0 Climate Change, biogenic [kg CO2 eq.] | B6: 0.0672 | C6: 0.00903 | D6: 0.000158 | E6: 0.000841 | F6: 0.00437 | G6: 0.00923 | H6: 0.0066 | J6: 0.108 | K6: 0.000162 | M6: 0.163 | N6: 0.0266 | P6: 0.108 | Q6: 0.000167 | R6: 0.111 | T6: 0.000793 | U6: 0.108 | W6: 0.0171 | X6: 0.108 | Z6: 9.92e-05 | AA6: 0.108 | AC6: 0.00485 | AD6: 0.00155 | AE6: 0.00121 | AF6: 4.34e-05 | AG6: 0.108 | AI6: 0.000162 | AJ6: 0.0846 | AK6: 0.00449 | AL6: 0.0115 | AM6: 0.000871 | AO6: 3.2577121e-05 | AP6: 0.0356 | AQ6: 0.00216 | AR6: 0.00378 | AS6: 0.000857 | AT6: 0.0014 | AU6: 9.43e-06 | AV6: 6.67e-05 | AW6: 0.0155 | AX6: 0.00101 | AY6: 0.000289 | AZ6: 2.9e-05 | BA6: 9.77e-07 | BB6: 0.000623 | BC6: 0.0184 | BD6: 0.000651 | BE6: 0.00107 | BF6: 0.0138 | BG6: 1.21e-05 | BH6: 0.00118 | BI6: 0.000572 | BJ6: 0.0884 | BL6: 0.00124 | BM6: 0.000433 | BN6: 0.000142 | BO6: 0.0184 | BQ6: 0.000224 | BR6: 8.91e-05 | BS6: 3.82e-05 | BT6: 0.00103 | BU6: 0.0801 | BW6: 0.000942 | BX6: 0.000318 | BY6: 0.00101 | BZ6: 0.0884 | CB6: 0.00112 | CC6: 6.36e-05 | CD6: 0.000102 | CE6: 0.00128 | CF6: 0.0884 | CH6: 0.00123 | CI6: 7.63e-05 | CJ6: 0.00028 | CK6: 2.65e-05 | CL6: 0.00173 | CM6: 0.00258 | CN6: 1.83e-05 | CP6: 2.9411074e-06 | CQ6: 1.88e-05 | CR6: 0.0179 | CS6: 5.66e-06 | CT6: 0.0138 | CU6: 0.000382 | CV6: -0.000242 | CW6: 0.0386 | CX6: 4.53 | CY6: 0.000478 | CZ6: 0.00226 | DA6: 0.0438 | DB6: 0.00012 | DC6: 1.63e-07 | DD6: 2.43e-06 | DE6: 3.33e-06 | DF6: 0.00248 | DG6: 0.000102 | DH6: 6.88e-05 | DI6: 0.197 | DJ6: 0.0007 | DK6: 0.00256 | DL6: 8.74e-05 | DM6: 3.77e-05 | DN6: 0.0723 | DO6: 6.55e-05 | DP6: 0.00411 | DQ6: 5.2e-05 | DR6: 0.00606 | DS6: 0.0817 | DT6: 1.96e-06 | DU6: 1.75e-05 | DV6: 0.0214 | DW6: 9.8e-06 | DX6: 0.0723 | DY6: 0.00201 | DZ6: 0.00103 | EA6: 1.45e-06 | EB6: 0.194 | EC6: 0.0783 | ED6: 0.00546 | EE6: 0.00122 | EF6: 0.000165 | EG6: 5.01e-05 | EH6: 0.276 | EI6: 0.194 | EJ6: 0.000763 | EK6: 0.00317 | EL6: -1.41e-05 | EM6: 0.00173 | EN6: 0.0517 | EO6: 0.000393 | EP6: 9.94e-05 | EQ6: 2.51e-05 | ER6: 0.897 | ES6: 0.000771 | ET6: 0.208 | EU6: 0.00103 | EV6: 0.00137 | EW6: 4.42e-05 | EX6: 0.00702 | EY6: 0.000246 | EZ6: 0.0124 | FB6: 0.000649 | FC6: 0.075845752 | FD6: 0.020657869 | FE6: 0.00039249015 | FF6: 0.00014056424 | FG6: 6.5986647e-06 | FH6: 5.16e-05 | FI6: 0.000912 | FJ6: 3.35e-05 | FK6: 0.00661 | FL6: 3.23e-05 | FM6: 0.000496 | FN6: 0.00526 | FO6: 0.000345 | FP6: 3.01e-06 | FQ6: 3.43e-06 | FR6: 0.0483 | FT6: 0.000103 | FU6: 0.0216 | FV6: 3.27e-05 | FW6: 3.33e-06 | FX6: 0.000164 | FY6: 8.91e-05 | FZ6: 0.00125 | GA6: 1.19e-05 | GC6: 4.59e-05 | GD6: 0.00203 | GE6: 0.00473 | GF6: 0.00203 | GG6: 1.58e-05 | GI6: 4.59e-05 | GJ6: 0.00203 | GK6: 0.00535 | GL6: 7.63e-05 | GM6: 0.0111 | GN6: 0.00405 | GO6: 6.92e-05 | GP6: 0.452 | GQ6: 0.000442 | GR6: 9.6524803e-06 | GS6: 0.091441571 | GT6: 0.029595871 | GU6: 0.00011384871 | GV6: 1.9607382e-05 | GW6: 3.42e-05 | GX6: 0.00349 | GY6: 3.77e-05 | GZ6: 0.0124 | HA6: 3.23e-05 | HB6: 0.000932 | HC6: 0.0231 | HD6: 8.04e-05 | HE6: 2.57e-07 | HF6: 0.0103 | HG6: 0.000176 | HH6: 0.0276 | HI6: 0.00609 | HJ6: 6.92e-05 | HK6: 5.16e-05 | HL6: 0.0062 | HM6: 0.000333 | HN6: 0.00118 | HO6: 3.62e-06 | HP6: 0.0138 | HQ6: 1.41e-05 | HR6: 0.0014 | HS6: 7.86e-06 | HT6: 0.0138 | HU6: 1.54e-05 | HV6: 0.00012 | HW6: 0.0138 | HX6: 8.41e-06 | HY6: 8.15 | HZ6: 0.0586 | IA6: 80.8 | ID6: =IA6*7 -> 565.6 | IE6: =IB6*7 -> 0 | IF6: =IC6*7 -> 0 | IG6: 0.000568 | IH6: 0.00343 | II6: 0.0151 | IJ6: 0.00308 | IK6: 2.66 | IL6: -0.0339 | IM6: -0.694 | IN6: -0.0613 | IO6: -0.0354 | IP6: -0.00498 | IQ6: -0.041229824 | IR6: 8.5173392e-05 | IS6: 0.00051387771 | IT6: 0.010894595 | IU6: 0.00079502814 | IV6: 2.3774932 | IW6: 0.0034 | IX6: 0.0205 | IY6: 0.00366 | IZ6: 0.00387
A7: EF 3.0 Climate Change, fossil [kg CO2 eq.] | B7: 19 | C7: 0.254 | D7: 0.0523 | E7: 2.16 | F7: 1.68 | G7: 0.229 | H7: 5.37 | J7: 0.217 | K7: 0.0536 | M7: 0.325 | N7: 21.6 | P7: 0.217 | Q7: 0.0552 | R7: -0.0418 | S7: 3.98 | T7: 0.262 | U7: 0.217 | W7: 13.9 | X7: 0.217 | Z7: 0.0328 | AA7: 0.217 | AC7: 3.94 | AD7: 3.8 | AE7: 9.12 | AF7: 8.67e-05 | AG7: 0.217 | AI7: 0.0536 | AJ7: 10.4 | AK7: 0.554 | AL7: 13.7 | AM7: 1.03 | AO7: 0.079999591 | AP7: 27.4 | AQ7: 1.63 | AR7: 3.19 | AS7: 2.1 | AT7: 1.06 | AU7: 0.0732 | AV7: 0.0787 | AW7: -0.000458 | AX7: 0.334 | AY7: 0.243 | AZ7: 0.0711 | BA7: 0.0114 | BB7: 0.552 | BC7: -0.00697 | BD7: 0.215 | BE7: 0.145 | BF7: -0.00523 | BG7: 0.004 | BH7: 3.69 | BI7: 0.0779 | BJ7: -0.0335 | BL7: 0.411 | BM7: 0.221 | BN7: 0.444 | BO7: -0.00697 | BQ7: 0.074 | BR7: 0.0455 | BS7: 0.0195 | BT7: 3.2 | BU7: -0.0303 | BW7: 0.311 | BX7: 0.163 | BY7: 3.13 | BZ7: -0.0335 | CB7: 0.371 | CC7: 0.0325 | CD7: 0.052 | CE7: 4 | CF7: -0.0335 | CH7: 0.407 | CI7: 0.039 | CJ7: 0.143 | CK7: 0.0652 | CL7: 1.34 | CM7: 2.18 | CN7: 0.045 | CO7: 0.357 | CP7: 0.021816653 | CQ7: 0.0587 | CR7: 2.45 | CS7: 0.0426 | CT7: -0.000405 | CU7: 0.126 | CV7: 0.984 | CW7: 21.3 | CX7: -6.99 | CY7: 4.81 | CZ7: 0.747 | DA7: 36.8 | DB7: 0.295 | DC7: 0.00127 | DD7: 0.0183 | DE7: -9.67e-08 | DF7: 0.819 | DG7: 0.052 | DH7: 0.169 | DI7: 152 | DJ7: 1.72 | DK7: 2.2 | DL7: 0.103 | DM7: 0.284 | DN7: -0.00214 | DO7: 0.0142 | DP7: 1.36 | DQ7: 0.128 | DR7: 0.826 | DS7: 61.9 | DT7: 0.0145 | DU7: 0.0207 | DV7: 2.91 | DW7: 0.0739 | DX7: -0.00214 | DY7: 0.664 | DZ7: 4.4 | EA7: 0.00621 | EB7: 155 | EC7: 61.9 | ED7: 4.67 | EE7: 5.24 | EF7: 0.199 | EG7: 0.652 | EH7: -0.105 | EI7: 158 | EJ7: 0.39 | EK7: 3.83 | EL7: 0.0575 | EM7: 4.24 | EN7: 39.7 | EO7: 0.0497 | EP7: 0.117 | EQ7: 0.189 | ER7: -1.39 | ES7: 0.255 | ET7: 159 | EU7: 0.778 | EV7: 3.36 | EW7: 0.0522 | EX7: 0.956 | EY7: 1.85 | EZ7: 0.00854 | FB7: 0.214 | FC7: 58.679998 | FD7: 15.748903 | FE7: 0.2973252 | FF7: 0.34518342 | FG7: 0.051226126 | FH7: 0.0609 | FI7: 0.124 | FJ7: 0.252 | FK7: -0.000195 | FL7: 0.00466 | FM7: 0.164 | FN7: 3.99 | FO7: 0.261 | FP7: 0.00376 | FQ7: 0.0247 | FR7: -0.0183 | FT7: 0.0342 | FU7: 13.2 | FV7: 0.0803 | FW7: -9.67e-08 | FX7: 0.0544 | FY7: 0.0455 | FZ7: 1.07 | GA7: 0.00908 | GB7: 0.124 | GC7: 0.143 | GD7: -0.000242 | GE7: 3.76 | GF7: 1.74 | GG7: 0.057 | GH7: 0.191 | GI7: 0.143 | GJ7: -0.000242 | GK7: 4.27 | GL7: 0.039 | GM7: 9.39 | GN7: 3.75 | GO7: 0.17 | GP7: -0.662 | GQ7: 0.146 | GR7: 0.023703583 | GS7: 71.724799 | GT7: 24.856186 | GU7: 0.27957813 | GV7: 0.14544435 | GW7: 0.0404 | GX7: 0.476 | GY7: 0.284 | GZ7: -0.000367 | HA7: 0.00466 | HB7: 0.308 | HC7: 19.5 | HD7: 0.197 | HE7: 0.00199 | HF7: -0.000305 | HG7: 0.0583 | HH7: 21.5 | HI7: 5.2 | HJ7: 0.17 | HK7: 0.0609 | HL7: -0.000183 | HM7: 0.11 | HN7: 0.999 | HO7: 0.00889 | HP7: -0.00523 | HQ7: 0.00468 | HR7: 1.18 | HS7: 0.017 | HT7: -0.00523 | HU7: 0.00511 | HV7: 0.101 | HW7: -0.00523 | HX7: 0.00278 | HY7: 4.51 | HZ7: 19.4 | IA7: 8180 | IB7: 57600 | ID7: =IA7*7 -> 57260 | IE7: =IB7*7 -> 403200 | IF7: =IC7*7 -> 0 | IG7: 0.174 | IH7: 1.05 | II7: 3.06 | IJ7: 1.53 | IK7: 0.314 | IL7: -39.7 | IM7: -540 | IN7: -6.7 | IO7: -19.5 | IP7: -0.4 | IQ7: 9.9574428 | IR7: 0.026161051 | IS7: 0.15776715 | IT7: 2.2048716 | IU7: 0.39482815 | IV7: 0.28068534 | IW7: 3.33 | IX7: 20.1 | IY7: 2.92 | IZ7: 0.998
A8: EF 3.0 Climate Change, land use and land use change [kg CO2 eq.] | B8: 0.0107 | C8: -1.07e-05 | D8: 0.000432 | E8: 0.000609 | F8: 0.000322 | G8: -9.64e-06 | H8: 0.000112 | J8: -1.54e-05 | K8: 0.000443 | M8: -2.31e-05 | N8: 0.000451 | P8: -1.54e-05 | Q8: 0.000455 | R8: -5.31e-06 | T8: 0.00216 | U8: -1.54e-05 | W8: 0.000291 | X8: -1.54e-05 | Z8: 0.000271 | AA8: -1.54e-05 | AC8: 8.23e-05 | AD8: 0.00108 | AE8: 0.000251 | AF8: -6.17e-09 | AG8: -1.54e-05 | AI8: 0.000443 | AJ8: 0.0174 | AK8: 0.000922 | AL8: 0.000371 | AM8: 2.8e-05 | AO8: 2.2793532e-05 | AP8: 0.013 | AQ8: 0.0008 | AR8: 0.00124 | AS8: 0.000599 | AT8: 0.000524 | AU8: 1.96e-06 | AV8: 0.00015 | AW8: 6.03e-05 | AX8: 0.00276 | AY8: 9.41e-05 | AZ8: 2.03e-05 | BA8: 2.99e-06 | BB8: 0.000214 | BC8: -8.85e-07 | BD8: 0.00178 | BE8: 3.31e-06 | BF8: -6.63e-07 | BG8: 3.3e-05 | BH8: 0.000727 | BI8: 1.78e-06 | BJ8: -4.25e-06 | BL8: 0.00339 | BM8: 4.27e-05 | BN8: 8.75e-05 | BO8: -8.85e-07 | BQ8: 0.00061 | BR8: 8.79e-06 | BS8: 3.77e-06 | BT8: 0.00063 | BU8: -3.85e-06 | BW8: 0.00257 | BX8: 3.14e-05 | BY8: 0.000618 | BZ8: -4.25e-06 | CB8: 0.00306 | CC8: 6.28e-06 | CD8: 1.01e-05 | CE8: 0.000789 | CF8: -4.25e-06 | CH8: 0.00336 | CI8: 7.54e-06 | CJ8: 2.76e-05 | CK8: 1.86e-05 | CL8: 0.000622 | CM8: 0.000845 | CN8: 1.28e-05 | CP8: 6.0465595e-07 | CQ8: 1.16e-05 | CR8: 5.57e-05 | CS8: 1.17e-06 | CT8: 5.35e-05 | CU8: 0.00104 | CV8: 6.61e-05 | CW8: 0.00324 | CX8: -0.0188 | CY8: 9.84e-05 | CZ8: 0.00617 | DA8: 0.0143 | DB8: 8.41e-05 | DC8: 3.38e-08 | DD8: 5.04e-07 | DE8: 1.3e-08 | DF8: 0.00676 | DG8: 1.01e-05 | DH8: 4.81e-05 | DI8: 0.0711 | DJ8: 0.00049 | DK8: 0.000822 | DL8: 0.000197 | DM8: 7.83e-06 | DN8: 0.000281 | DO8: 7.34e-06 | DP8: 0.0112 | DQ8: 3.64e-05 | DR8: 1.88e-05 | DS8: 0.0305 | DT8: 4.03e-07 | DU8: 3.95e-05 | DV8: 6.64e-05 | DW8: 2.03e-06 | DX8: 0.000281 | DY8: 0.00548 | DZ8: 0.00231 | EA8: 3.25e-06 | EB8: 0.145 | EC8: 0.0521 | ED8: 0.00262 | EE8: 0.00274 | EF8: 0.000422 | EG8: 0.00119 | EH8: -1.33e-05 | EI8: 0.00329 | EJ8: 7.54e-05 | EK8: 0.00813 | EL8: 3.87e-06 | EM8: 0.00121 | EN8: 0.0188 | EO8: 6.55e-05 | EP8: 0.000224 | EQ8: 5.21e-06 | ER8: -0.00376 | ES8: 0.0021 | ET8: 0.076 | EU8: 0.000381 | EV8: 0.000956 | EW8: 9.97e-05 | EX8: 2.18e-05 | EY8: 5.11e-05 | EZ8: 5.3e-05 | FB8: 0.00177 | FC8: 0.027257385 | FD8: 0.0076241861 | FE8: 0.00014648161 | FF8: 9.834987e-05 | FG8: 1.3695489e-06 | FH8: 0.000116 | FI8: 2.83e-06 | FJ8: 6.95e-06 | FK8: 2.57e-05 | FL8: 7.69e-06 | FM8: 0.00135 | FN8: 0.00196 | FO8: 0.000129 | FP8: 8.71e-06 | FQ8: 7.05e-07 | FR8: -2.32e-06 | FT8: 0.000282 | FU8: 0.00483 | FV8: 2.29e-05 | FW8: 1.3e-08 | FX8: 0.000449 | FY8: 8.79e-06 | FZ8: 0.000601 | GA8: 5.51e-06 | GC8: 2.82e-05 | GD8: 7.53e-06 | GE8: 0.000555 | GF8: 0.000973 | GG8: 3.13e-05 | GI8: 2.82e-05 | GJ8: 7.53e-06 | GK8: 0.000565 | GL8: 7.54e-06 | GM8: 0.00364 | GN8: 0.000992 | GO8: 4.84e-05 | GP8: -0.00188 | GQ8: 0.00121 | GR8: 6.7536391e-06 | GS8: 0.032023469 | GT8: 0.0096356314 | GU8: 7.965757e-05 | GV8: 4.0310397e-06 | GW8: 7.71e-05 | GX8: 1.08e-05 | GY8: 7.83e-06 | GZ8: 4.82e-05 | HA8: 7.69e-06 | HB8: 0.00254 | HC8: 0.00755 | HD8: 5.63e-05 | HE8: 5.33e-08 | HF8: 4.02e-05 | HG8: 0.000481 | HH8: 0.00982 | HI8: 0.00194 | HJ8: 4.84e-05 | HK8: 0.000116 | HL8: 2.41e-05 | HM8: 0.00091 | HN8: 0.000387 | HO8: 2.53e-06 | HP8: -6.63e-07 | HQ8: 3.86e-05 | HR8: 0.000458 | HS8: 5.12e-06 | HT8: -6.63e-07 | HU8: 4.22e-05 | HV8: 3.91e-05 | HW8: -6.63e-07 | HX8: 2.3e-05 | HY8: 0.0302 | HZ8: 0.16 | IA8: 1.37 | ID8: =IA8*7 -> 9.59 | IE8: =IB8*7 -> 0 | IF8: =IC8*7 -> 0 | IG8: 0.000513 | IH8: 0.00309 | II8: 0.00394 | IJ8: 0.00128 | IK8: 0.00014 | IL8: -0.0747 | IM8: -0.254 | IN8: -0.00386 | IO8: -0.00179 | IP8: -0.000777 | IQ8: -0.0061017631 | IR8: 7.6867418e-05 | IS8: 0.00046348946 | IT8: 0.0028362822 | IU8: 0.00033009692 | IV8: 0.00012520957 | IW8: 0.00106 | IX8: 0.00641 | IY8: 0.00102 | IZ8: 0.000575
A9: EF 3.0 Ecotoxicity, freshwater - total [CTUe] | B9: 175 | C9: -0.219 | D9: 0.522 | E9: 3.55 | F9: 14.7 | G9: -0.121 | H9: 52.9 | I9: 41100 | J9: 6.67 | K9: 0.535 | L9: 5780 | M9: 10 | N9: 213 | O9: 5850 | P9: 6.67 | Q9: 0.55 | R9: 7.65 | S9: 18.9 | T9: 2.62 | U9: 6.67 | V9: 82100 | W9: 137 | X9: 6.67 | Y9: 6360 | Z9: 0.327 | AA9: 6.67 | AB9: 428 | AC9: 38.8 | AD9: 6.47 | AE9: 947 | AF9: 0.00267 | AG9: 6.67 | AH9: 82100 | AI9: 0.535 | AJ9: 410 | AK9: 21.7 | AL9: 1.67 | AM9: 0.126 | AN9: 0.0271 | AO9: 0.13603191 | AP9: 132 | AQ9: 7.28 | AR9: 12.9 | AS9: 3.58 | AT9: 4.72 | AU9: 1.84 | AV9: 0.487 | AW9: 0.0787 | AX9: 3.33 | AY9: 0.99 | AZ9: 0.121 | BA9: 14.9 | BB9: 7.21 | BC9: 1.23 | BD9: 2.15 | BE9: 1.95 | BF9: 0.925 | BG9: 0.0399 | BH9: 86.8 | BI9: 1.05 | BJ9: 5.92 | BK9: 44 | BL9: 4.1 | BM9: 2.86 | BN9: 10.5 | BO9: 1.23 | BP9: 26.1 | BQ9: 0.738 | BR9: 0.589 | BS9: 0.252 | BT9: 75.2 | BU9: 5.37 | BV9: 57 | BW9: 3.11 | BX9: 2.1 | BY9: 73.8 | BZ9: 5.92 | CA9: 106 | CB9: 3.7 | CC9: 0.421 | CD9: 0.673 | CE9: 94.3 | CF9: 5.92 | CG9: 103 | CH9: 4.06 | CI9: 0.505 | CJ9: 1.85 | CK9: 0.111 | CL9: 6.36 | CM9: 8.81 | CN9: 0.0766 | CO9: 1.69 | CP9: 0.55212038 | CQ9: 1.38 | CR9: 32.8 | CS9: 4.43 | CT9: 0.0699 | CU9: 1.26 | CV9: 0.926 | CW9: 633 | CX9: 51.2 | CY9: 155 | CZ9: 7.46 | DA9: 150 | DB9: 0.502 | DC9: 0.0318 | DD9: 1.9 | DE9: 1.7e-05 | DF9: 8.17 | DG9: 0.673 | DH9: 0.287 | DI9: 723 | DJ9: 2.92 | DK9: 8.77 | DL9: 0.639 | DM9: 29.5 | DN9: 0.367 | DO9: 0.215 | DP9: 13.6 | DQ9: 0.217 | DR9: 11.1 | DS9: 297 | DT9: 0.368 | DU9: 0.128 | DV9: 39.1 | DW9: 7.67 | DX9: 0.367 | DY9: 6.62 | DZ9: 7.42 | EA9: 0.0105 | EB9: 702 | EC9: 299 | ED9: 18.7 | EE9: 8.83 | EF9: 1.21 | EG9: 59.7 | EH9: 19.1 | EI9: 1550 | EJ9: 5.05 | EK9: 23.3 | EL9: 0.0541 | EM9: 7.22 | EN9: 181 | EO9: 0.635 | EP9: 0.726 | EQ9: 19.7 | ER9: 9.48 | ES9: 2.54 | ET9: 717 | EU9: 35.2 | EV9: 5.71 | EW9: 0.323 | EX9: 12.8 | EY9: 193 | EZ9: 0.235 | FA9: 0.288 | FB9: 2.14 | FC9: 261.62689 | FD9: 71.654348 | FE9: 1.3195784 | FF9: 0.58695251 | FG9: 1.2872825 | FH9: 0.377 | FI9: 1.67 | FJ9: 26.2 | FK9: 0.0336 | FL9: 0.0283 | FM9: 1.64 | FN9: 17.7 | FO9: 1.16 | FP9: 0.0257 | FQ9: 2.58 | FR9: 2.92 | FS9: 26.1 | FT9: 0.341 | FU9: 89.3 | FV9: 0.136 | FW9: 1.7e-05 | FX9: 0.543 | FY9: 0.589 | FZ9: 4.28 | GA9: 0.04 | GB9: 0.588 | GC9: 3.37 | GD9: 0.012 | GE9: 37.1 | GF9: 6.93 | GG9: 0.0999 | GH9: 0.905 | GI9: 3.37 | GJ9: 0.012 | GK9: 42.1 | GL9: 0.505 | GM9: 38 | GN9: 17.7 | GO9: 0.289 | GP9: 4.91 | GQ9: 1.46 | GR9: 0.040305752 | GS9: 303.92668 | GT9: 101.3841 | GU9: 0.47539677 | GV9: 3.6808025 | GW9: 0.25 | GX9: 6.39 | GY9: 29.5 | GZ9: 0.063 | HA9: 0.0283 | HB9: 3.08 | HC9: 78.7 | HD9: 0.336 | HE9: 0.0501 | HF9: 0.0524 | HG9: 0.581 | HH9: 111 | HI9: 20.9 | HJ9: 0.289 | HK9: 0.377 | HL9: 0.0315 | HM9: 1.1 | HN9: 4.04 | HO9: 0.0151 | HP9: 0.925 | HQ9: 0.0467 | HR9: 4.77 | HS9: 0.0301 | HT9: 0.925 | HU9: 0.051 | HV9: 0.408 | HW9: 0.925 | HX9: 0.0278 | HY9: 183 | HZ9: 193 | IA9: 648000 | IB9: 150 | IC9: 234 | ID9: =IA9*7 -> 4536000 | IE9: =IB9*7 -> 1050 | IF9: =IC9*7 -> 1638 | IG9: 1.33 | IH9: 248 | II9: 19.6 | IJ9: 21.2 | IK9: 5.73 | IL9: -263 | IM9: -2340 | IN9: -78400 | IO9: -948 | IP9: -3.89 | IQ9: -30.256845 | IR9: 0.19975314 | IS9: 37.206798 | IT9: 14.108157 | IU9: 5.4688923 | IV9: 5.1279586 | IW9: 7.8 | IX9: 47 | IY9: 7.23 | IZ9: 3.08
A10: EF 3.0 Ecotoxicity, freshwater inorganics [CTUe] | B10: 60.8 | C10: -0.0174 | D10: 0.506 | E10: 2.72 | F10: 13.5 | G10: -0.0151 | H10: 51.6 | J10: 0.033 | K10: 0.518 | M10: 0.0495 | N10: 208 | P10: 0.033 | Q10: 0.533 | R10: 0.056 | S10: 17.8 | T10: 2.53 | U10: 0.033 | W10: 134 | X10: 0.033 | Z10: 0.317 | AA10: 0.033 | AC10: 37.9 | AD10: 4.75 | AE10: 18 | AF10: 1.32e-05 | AG10: 0.033 | AI10: 0.518 | AJ10: 54.7 | AK10: 2.9 | AL10: 1.33 | AM10: 0.1 | AO10: 0.099972406 | AP10: 79.1 | AQ10: 5.09 | AR10: 8.95 | AS10: 2.63 | AT10: 3.29 | AU10: 0.0372 | AV10: 0.33 | AW10: 0.101 | AX10: 3.23 | AY10: 0.69 | AZ10: 0.0889 | BA10: 0.0414 | BB10: 5.93 | BC10: 0.00934 | BD10: 2.08 | BE10: 1.57 | BF10: 0.00701 | BG10: 0.0386 | BH10: 16.7 | BI10: 0.841 | BJ10: 0.0448 | BL10: 3.97 | BM10: 1.56 | BN10: 2.01 | BO10: 0.00934 | BQ10: 0.715 | BR10: 0.32 | BS10: 0.137 | BT10: 14.4 | BU10: 0.0406 | BW10: 3.01 | BX10: 1.14 | BY10: 14.2 | BZ10: 0.0448 | CB10: 3.59 | CC10: 0.229 | CD10: 0.366 | CE10: 18.1 | CF10: 0.0448 | CH10: 3.93 | CI10: 0.275 | CJ10: 1.01 | CK10: 0.0815 | CL10: 3.72 | CM10: 6.12 | CN10: 0.0563 | CO10: 1.6 | CP10: 0.011211313 | CQ10: 0.265 | CR10: 26.4 | CS10: 0.084 | CT10: 0.09 | CU10: 1.22 | CV10: 0.565 | CW10: 310 | CX10: -24.5 | CY10: 147 | CZ10: 7.22 | DA10: 105 | DB10: 0.369 | DC10: 0.000644 | DD10: 0.0361 | DE10: 2.19e-05 | DF10: 7.91 | DG10: 0.366 | DH10: 0.211 | DI10: 428 | DJ10: 2.15 | DK10: 6.09 | DL10: 0.433 | DM10: 0.56 | DN10: 0.473 | DO10: 0.18 | DP10: 13.1 | DQ10: 0.159 | DR10: 8.9 | DS10: 192 | DT10: 0.00747 | DU10: 0.0868 | DV10: 31.4 | DW10: 0.146 | DX10: 0.473 | DY10: 6.41 | DZ10: 5.89 | EA10: 0.00831 | EB10: 450 | EC10: 183 | ED10: 13.2 | EE10: 7.01 | EF10: 0.832 | EG10: 1.42 | EH10: 0.14 | EI10: 1520 | EJ10: 2.75 | EK10: 16 | EL10: 0.033 | EM10: 5.3 | EN10: 115 | EO10: 0.556 | EP10: 0.492 | EQ10: 0.373 | ER10: -4.9 | ES10: 2.46 | ET10: 466 | EU10: 2.39 | EV10: 4.2 | EW10: 0.219 | EX10: 10.3 | EY10: 3.65 | EZ10: 0.273 | FB10: 2.07 | FC10: 163.21413 | FD10: 47.226984 | FE10: 0.91980822 | FF10: 0.43136242 | FG10: 0.026056228 | FH10: 0.255 | FI10: 1.34 | FJ10: 0.497 | FK10: 0.0432 | FL10: 0.0185 | FM10: 1.58 | FN10: 12.3 | FO10: 0.808 | FP10: 0.0173 | FQ10: 0.0491 | FR10: 0.0245 | FT10: 0.33 | FU10: 73.7 | FV10: 0.1 | FW10: 2.19e-05 | FX10: 0.526 | FY10: 0.32 | FZ10: 3.02 | GA10: 0.0281 | GB10: 0.556 | GC10: 0.646 | GD10: 0.00948 | GE10: 36.2 | GF10: 4.89 | GG10: 0.0792 | GH10: 0.856 | GI10: 0.646 | GJ10: 0.00948 | GK10: 41.1 | GL10: 0.275 | GM10: 26.4 | GN10: 11.5 | GO10: 0.212 | GP10: -2.45 | GQ10: 1.41 | GR10: 0.029621453 | GS10: 185.15703 | GT10: 70.662652 | GU10: 0.34937801 | GV10: 0.074742085 | GW10: 0.169 | GX10: 5.13 | GY10: 0.56 | GZ10: 0.0811 | HA10: 0.0185 | HB10: 2.98 | HC10: 54.6 | HD10: 0.247 | HE10: 0.00101 | HF10: 0.0676 | HG10: 0.563 | HH10: 57.9 | HI10: 14.6 | HJ10: 0.212 | HK10: 0.255 | HL10: 0.0405 | HM10: 1.06 | HN10: 2.8 | HO10: 0.0111 | HP10: 0.00701 | HQ10: 0.0452 | HR10: 3.31 | HS10: 0.0221 | HT10: 0.00701 | HU10: 0.0494 | HV10: 0.283 | HW10: 0.00701 | HX10: 0.0269 | HY10: 134 | HZ10: 187 | IA10: 633000 | IB10: 1.08 | ID10: =IA10*7 -> 4431000 | IE10: =IB10*7 -> 7.56 | IF10: =IC10*7 -> 0 | IG10: 1.24 | IH10: 7.46 | II10: 15.1 | IJ10: 6.28 | IK10: 5.37 | IL10: -165 | IM10: -1640 | IN10: -21.3 | IO10: -235 | IP10: -1.91 | IQ10: -16.101655 | IR10: 0.18566866 | IS10: 1.1195483 | IT10: 10.889769 | IU10: 1.6209045 | IV10: 4.8062972 | IW10: 4.73 | IX10: 28.5 | IY10: 4.32 | IZ10: 1.61
A11: EF 3.0 Ecotoxicity, freshwater metals [CTUe] | B11: 113 | C11: -0.206 | D11: 0.0104 | E11: 0.811 | F11: 1.1 | G11: -0.189 | H11: 0.82 | J11: -0.515 | K11: 0.0107 | M11: -0.773 | N11: 3.3 | P11: -0.515 | Q11: 0.011 | R11: -0.343 | S11: 0.691 | T11: 0.0521 | U11: -0.515 | W11: 2.13 | X11: -0.515 | Z11: 0.00651 | AA11: -0.515 | AC11: 0.602 | AD11: 1.68 | AE11: 348 | AF11: -0.000206 | AG11: -0.515 | AI11: 0.0107 | AJ11: 355 | AK11: 18.8 | AL11: 0.307 | AM11: 0.0232 | AO11: 0.035363161 | AP11: 34.3 | AQ11: 1.94 | AR11: 3.51 | AS11: 0.93 | AT11: 1.27 | AU11: 1.79 | AV11: 0.155 | AW11: -0.0577 | AX11: 0.0664 | AY11: 0.267 | AZ11: 0.0314 | BA11: 14.8 | BB11: 0.534 | BC11: -0.0572 | BD11: 0.0427 | BE11: 0.0403 | BF11: -0.0429 | BG11: 0.000794 | BH11: 70.1 | BI11: 0.0216 | BJ11: -0.274 | BL11: 0.0816 | BM11: 1.29 | BN11: 8.43 | BO11: -0.0572 | BQ11: 0.0147 | BR11: 0.265 | BS11: 0.114 | BT11: 60.7 | BU11: -0.249 | BW11: 0.0619 | BX11: 0.947 | BY11: 59.5 | BZ11: -0.274 | CB11: 0.0737 | CC11: 0.189 | CD11: 0.303 | CE11: 76.1 | CF11: -0.274 | CH11: 0.0808 | CI11: 0.227 | CJ11: 0.834 | CK11: 0.0288 | CL11: 1.72 | CM11: 2.4 | CN11: 0.0199 | CO11: 0.062 | CP11: 0.53790778 | CQ11: 1.12 | CR11: 0.678 | CS11: 1.63 | CT11: -0.0512 | CU11: 0.0251 | CV11: 0.355 | CW11: 309 | CX11: -35.1 | CY11: 8.11 | CZ11: 0.148 | DA11: 40.4 | DB11: 0.131 | DC11: 0.031 | DD11: 0.699 | DE11: -1.24e-05 | DF11: 0.163 | DG11: 0.303 | DH11: 0.0747 | DI11: 193 | DJ11: 0.76 | DK11: 2.38 | DL11: 0.203 | DM11: 10.9 | DN11: -0.269 | DO11: 0.0339 | DP11: 0.27 | DQ11: 0.0564 | DR11: 0.229 | DS11: 74 | DT11: 0.359 | DU11: 0.0408 | DV11: 0.809 | DW11: 2.82 | DX11: -0.269 | DY11: 0.132 | DZ11: 1.47 | EA11: 0.00207 | EB11: 170 | EC11: 68.9 | ED11: 4.87 | EE11: 1.75 | EF11: 0.373 | EG11: 21.7 | EH11: -0.858 | EI11: 24.1 | EJ11: 2.27 | EK11: 7.19 | EL11: 0.0208 | EM11: 1.88 | EN11: 49.8 | EO11: 0.0757 | EP11: 0.231 | EQ11: 7.23 | ER11: -6.98 | ES11: 0.0506 | ET11: 198 | EU11: 0.937 | EV11: 1.48 | EW11: 0.103 | EX11: 0.265 | EY11: 70.8 | EZ11: -0.04 | FB11: 0.0426 | FC11: 75.452227 | FD11: 19.257606 | FE11: 0.35538539 | FF11: 0.15258549 | FG11: 1.2542237 | FH11: 0.12 | FI11: 0.0345 | FJ11: 9.63 | FK11: -0.0246 | FL11: 0.00973 | FM11: 0.0326 | FN11: 4.77 | FO11: 0.312 | FP11: 0.00837 | FQ11: 0.95 | FR11: -0.15 | FT11: 0.00679 | FU11: 13.8 | FV11: 0.0355 | FW11: -1.24e-05 | FX11: 0.0108 | FY11: 0.265 | FZ11: 1.12 | GA11: 0.0105 | GB11: 0.0216 | GC11: 2.72 | GD11: -0.00762 | GE11: 0.578 | GF11: 1.81 | GG11: 0.0198 | GH11: 0.0332 | GI11: 2.72 | GJ11: -0.00762 | GK11: 0.655 | GL11: 0.227 | GM11: 10.3 | GN11: 5.68 | GO11: 0.0751 | GP11: -3.53 | GQ11: 0.029 | GR11: 0.010477974 | GS11: 96.385027 | GT11: 27.326749 | GU11: 0.12358521 | GV11: 3.5860518 | GW11: 0.0795 | GX11: 0.132 | GY11: 10.9 | GZ11: -0.0461 | HA11: 0.00973 | HB11: 0.0612 | HC11: 21.4 | HD11: 0.0873 | HE11: 0.0488 | HF11: -0.0384 | HG11: 0.0116 | HH11: 28.2 | HI11: 5.64 | HJ11: 0.0751 | HK11: 0.12 | HL11: -0.0231 | HM11: 0.0219 | HN11: 1.1 | HO11: 0.00393 | HP11: -0.0429 | HQ11: 0.000929 | HR11: 1.3 | HS11: 0.00786 | HT11: -0.0429 | HU11: 0.00101 | HV11: 0.111 | HW11: -0.0429 | HX11: 0.000552 | HY11: -32.1 | HZ11: 3.85 | IA11: 10100 | ID11: =IA11*7 -> 70700 | IE11: =IB11*7 -> 0 | IF11: =IC11*7 -> 0 | IG11: 0.0839 | IH11: 241 | II11: 4.37 | IJ11: 2.64 | IK11: 0.158 | IL11: -96.8 | IM11: -618 | IN11: -39.4 | IO11: -359 | IP11: -1.99 | IQ11: -16.770035 | IR11: 0.012579564 | IS11: 36.078176 | IT11: 3.1420102 | IU11: 0.68225324 | IV11: 0.14154558 | IW11: 3.03 | IX11: 18.3 | IY11: 2.88 | IZ11: 1.46
A12: EF 3.0 Ecotoxicity, freshwater organics [CTUe] | B12: 0.81 | C12: 0.00454 | D12: 0.00623 | E12: 0.0191 | F12: 0.153 | G12: 0.00419 | H12: 0.419 | J12: 0.0131 | K12: 0.00638 | M12: 0.0197 | N12: 1.69 | P12: 0.0131 | Q12: 0.00657 | R12: 0.00956 | S12: 0.333 | T12: 0.0312 | U12: 0.0131 | W12: 1.09 | X12: 0.0131 | Z12: 0.0039 | AA12: 0.0131 | AC12: 0.308 | AD12: 0.0331 | AE12: 581 | AF12: 5.26e-06 | AG12: 0.0131 | AI12: 0.00638 | AJ12: 0.418 | AK12: 0.0222 | AL12: 0.0355 | AM12: 0.00268 | AO12: 0.00069634584 | AP12: 3.6 | AQ12: 0.243 | AR12: 0.436 | AS12: 0.0183 | AT12: 0.159 | AU12: 0.01 | AV12: 0.00179 | AW12: 0.00153 | AX12: 0.0398 | AY12: 0.0332 | AZ12: 0.000619 | BA12: 0.0781 | BB12: 0.04 | BC12: 0.00159 | BD12: 0.0256 | BE12: 0.0167 | BF12: 0.00119 | BG12: 0.000476 | BH12: 0.112 | BI12: 0.00895 | BJ12: 0.00764 | BL12: 0.0489 | BM12: 0.0163 | BN12: 0.0134 | BO12: 0.00159 | BQ12: 0.0088 | BR12: 0.00336 | BS12: 0.00144 | BT12: 0.0967 | BU12: 0.00693 | BW12: 0.0371 | BX12: 0.012 | BY12: 0.0948 | BZ12: 0.00764 | CB12: 0.0442 | CC12: 0.0024 | CD12: 0.00384 | CE12: 0.121 | CF12: 0.00764 | CH12: 0.0484 | CI12: 0.00288 | CJ12: 0.0106 | CK12: 0.000567 | CL12: 0.163 | CM12: 0.298 | CN12: 0.000392 | CO12: 0.0298 | CP12: 0.003001286 | CQ12: 0.00178 | CR12: 0.281 | CS12: 2.72 | CT12: 0.00136 | CU12: 0.015 | CV12: 0.00557 | CW12: 2.71 | CX12: -0.196 | CY12: 0.187 | CZ12: 0.089 | DA12: 5.02 | DB12: 0.00257 | DC12: 0.000173 | DD12: 1.17 | DE12: 3.3e-07 | DF12: 0.0975 | DG12: 0.00384 | DH12: 0.00147 | DI12: 19 | DJ12: 0.015 | DK12: 0.297 | DL12: 0.00234 | DM12: 18.1 | DN12: 0.00715 | DO12: 0.00135 | DP12: 0.162 | DQ12: 0.00111 | DR12: 0.0948 | DS12: 9.24 | DT12: 0.002 | DU12: 0.000469 | DV12: 0.335 | DW12: 4.71 | DX12: 0.00715 | DY12: 0.079 | DZ12: 0.0632 | EA12: 8.92e-05 | EB12: 19.7 | EC12: 8.22 | ED12: 0.633 | EE12: 0.0752 | EF12: 0.00453 | EG12: 36.7 | EH12: 0.0239 | EI12: 12.3 | EJ12: 0.0288 | EK12: 0.0873 | EL12: 0.000326 | EM12: 0.0369 | EN12: 5.23 | EO12: 0.00305 | EP12: 0.00266 | EQ12: 12.1 | ER12: -0.04 | ES12: 0.0303 | ET12: 21.5 | EU12: 0.114 | EV12: 0.0292 | EW12: 0.00118 | EX12: 0.11 | EY12: 118 | EZ12: 0.00231 | FB12: 0.0255 | FC12: 7.1523969 | FD12: 2.2199141 | FE12: 0.044384812 | FF12: 0.0030046033 | FG12: 0.0070025697 | FH12: 0.00138 | FI12: 0.0143 | FJ12: 16.1 | FK12: 0.000654 | FL12: 9.89e-05 | FM12: 0.0195 | FN12: 0.595 | FO12: 0.039 | FP12: -2.23e-05 | FQ12: 1.58 | FR12: 0.00417 | FT12: 0.00407 | FU12: 1.71 | FV12: 0.000699 | FW12: 3.3e-07 | FX12: 0.00647 | FY12: 0.00336 | FZ12: 0.145 | GA12: 0.00135 | GB12: 0.0104 | GC12: 0.00433 | GD12: 0.000181 | GE12: 0.296 | GF12: 0.235 | GG12: 0.000845 | GH12: 0.016 | GI12: 0.00433 | GJ12: 0.000181 | GK12: 0.336 | GL12: 0.00288 | GM12: 1.28 | GN12: 0.464 | GO12: 0.00148 | GP12: -0.0192 | GQ12: 0.0174 | GR12: 0.00020632469 | GS12: 7.4841316 | GT12: 3.3946964 | GU12: 0.0024335507 | GV12: 0.020008573 | GW12: 0.000915 | GX12: 0.0547 | GY12: 18.1 | GZ12: 0.00123 | HA12: 9.89e-05 | HB12: 0.0367 | HC12: 2.66 | HD12: 0.00172 | HE12: 0.000273 | HF12: 0.00102 | HG12: 0.00694 | HH12: 2.46 | HI12: 0.702 | HJ12: 0.00148 | HK12: 0.00138 | HL12: 0.000613 | HM12: 0.0131 | HN12: 0.136 | HO12: 7.74e-05 | HP12: 0.00119 | HQ12: 0.000557 | HR12: 0.161 | HS12: 0.000152 | HT12: 0.00119 | HU12: 0.000608 | HV12: 0.0138 | HW12: 0.00119 | HX12: 0.000331 | HY12: 1.38 | HZ12: 2.31 | IA12: 4990 | IB12: 149 | ID12: =IA12*7 -> 34930 | IE12: =IB12*7 -> 1043 | IF12: =IC12*7 -> 0 | IG12: 0.01 | IH12: 0.0605 | II12: 0.106 | IJ12: 12.3 | IK12: 0.201 | IL12: -1.01 | IM12: -79.5 | IN12: -0.289 | IO12: -349 | IP12: 0.0241 | IQ12: 2.6148452 | IR12: 0.001504913 | IS12: 0.0090737989 | IT12: 0.076377004 | IU12: 3.1657346 | IV12: 0.18011578 | IW12: 0.0311 | IX12: 0.187 | IY12: 0.0278 | IZ12: 0.009
A13: EF 3.0 Eutrophication, freshwater [kg P eq.] | B13: 3.12e-05 | C13: 3.33e-07 | D13: 1.57e-07 | E13: 8.79e-07 | F13: 2.05e-06 | G13: 3.26e-06 | H13: 8.69e-07 | I13: 0.605 | J13: 0.000267 | K13: 1.61e-07 | L13: 0.22 | M13: 0.0004 | N13: 3.5e-06 | O13: 0.119 | P13: 0.000267 | Q13: 1.65e-07 | R13: 0.000296 | S13: 4.41e-05 | T13: 7.87e-07 | U13: 0.000267 | V13: 0.0279 | W13: 2.26e-06 | X13: 0.000267 | Y13: 0.0931 | Z13: 9.83e-08 | AA13: 0.000267 | AB13: 0.0061 | AC13: 6.39e-07 | AD13: 1.57e-06 | AE13: 0.000321 | AF13: 1.07e-07 | AG13: 0.000267 | AH13: 1.21 | AI13: 1.61e-07 | AJ13: 3.59e-05 | AK13: 1.9e-06 | AL13: 5.55e-07 | AM13: 4.19e-08 | AN13: 3.12e-06 | AO13: 3.3006803e-08 | AP13: 0.000107 | AQ13: 7.87e-07 | AR13: 1.35e-06 | AS13: 8.68e-07 | AT13: 5.11e-07 | AU13: 2.21e-06 | AV13: 1.05e-07 | AW13: 1.6e-06 | AX13: 1e-06 | AY13: 1.04e-07 | AZ13: 2.93e-08 | BA13: 5.13e-08 | BB13: 1.04e-05 | BC13: 5.48e-05 | BD13: 6.45e-07 | BE13: 8.05e-06 | BF13: 4.11e-05 | BG13: 1.2e-08 | BH13: 2.47e-05 | BI13: 4.31e-06 | BJ13: 0.000263 | BK13: 0.00176 | BL13: 1.23e-06 | BM13: 6.11e-07 | BN13: 2.97e-06 | BO13: 5.48e-05 | BP13: 0.00104 | BQ13: 2.22e-07 | BR13: 1.26e-07 | BS13: 5.39e-08 | BT13: 2.14e-05 | BU13: 0.000239 | BV13: 0.00228 | BW13: 9.34e-07 | BX13: 4.5e-07 | BY13: 2.1e-05 | BZ13: 0.000263 | CA13: 0.00424 | CB13: 1.11e-06 | CC13: 8.99e-08 | CD13: 1.44e-07 | CE13: 2.68e-05 | CF13: 0.000263 | CG13: 0.00412 | CH13: 1.22e-06 | CI13: 1.08e-07 | CJ13: 3.96e-07 | CK13: 2.69e-08 | CL13: 5.41e-06 | CM13: 9.23e-07 | CN13: 1.86e-08 | CO13: 3.95e-06 | CP13: 6.6317929e-07 | CQ13: 3.93e-07 | CR13: 0.000135 | CS13: 1.5e-06 | CT13: 1.42e-06 | CU13: 3.79e-07 | CV13: 2.55e-07 | CW13: 0.00145 | CX13: 0.00323 | CY13: 9.03e-05 | CZ13: 2.24e-06 | DA13: 1.57e-05 | DB13: 1.22e-07 | DC13: 3.82e-08 | DD13: 6.44e-07 | DE13: 3.46e-10 | DF13: 2.46e-06 | DG13: 1.44e-07 | DH13: 6.97e-08 | DI13: 0.000589 | DJ13: 7.09e-07 | DK13: 9.14e-07 | DL13: 1.37e-07 | DM13: 9.99e-06 | DN13: 7.46e-06 | DO13: 2.29e-08 | DP13: 4.07e-06 | DQ13: 5.27e-08 | DR13: 4.57e-05 | DS13: 0.000171 | DT13: 4.42e-07 | DU13: 2.75e-08 | DV13: 0.000161 | DW13: 2.6e-06 | DX13: 7.46e-06 | DY13: 1.99e-06 | DZ13: 6e-06 | EA13: 8.47e-09 | EB13: 0.000493 | EC13: 0.000283 | ED13: 2.27e-06 | EE13: 7.14e-06 | EF13: 2.78e-07 | EG13: 2.07e-05 | EH13: 0.00074 | EI13: 2.56e-05 | EJ13: 1.08e-06 | EK13: 5.35e-06 | EL13: 1.49e-08 | EM13: 1.75e-06 | EN13: 8.99e-05 | EO13: 1.39e-07 | EP13: 1.56e-07 | EQ13: 6.66e-06 | ER13: 0.000639 | ES13: 7.65e-07 | ET13: 0.000278 | EU13: 0.000198 | EV13: 1.39e-06 | EW13: 6.93e-08 | EX13: 5.29e-05 | EY13: 6.52e-05 | EZ13: 3.01e-07 | FA13: 1.15e-05 | FB13: 6.43e-07 | FC13: 0.00012948738 | FD13: 2.6137722e-05 | FE13: 1.4286995e-07 | FF13: 1.4241824e-07 | FG13: 1.5473379e-06 | FH13: 8.09e-08 | FI13: 6.88e-06 | FJ13: 8.87e-06 | FK13: 6.82e-07 | FL13: 1e-08 | FM13: 4.92e-07 | FN13: 1.92e-06 | FO13: 1.26e-07 | FP13: 5.91e-09 | FQ13: 8.74e-07 | FR13: 0.000184 | FS13: 0.00104 | FT13: 1.03e-07 | FU13: 8.74e-06 | FV13: 3.31e-08 | FW13: 3.46e-10 | FX13: 1.63e-07 | FY13: 1.26e-07 | FZ13: 5.2e-07 | GA13: 4.73e-09 | GB13: 1.38e-06 | GC13: 9.57e-07 | GD13: 4.14e-07 | GE13: 7.74e-07 | GF13: 8.41e-07 | GG13: 8.09e-08 | GH13: 2.12e-06 | GI13: 9.57e-07 | GJ13: 4.14e-07 | GK13: 8.56e-07 | GL13: 1.08e-07 | GM13: 3.98e-06 | GN13: 1.31e-06 | GO13: 7.01e-08 | GP13: 0.000322 | GQ13: 4.38e-07 | GR13: 9.7797934e-09 | GS13: 0.00013328807 | GT13: 1.0600109e-05 | GU13: 1.1535034e-07 | GV13: 4.4211953e-06 | GW13: 5.36e-08 | GX13: 2.64e-05 | GY13: 9.99e-06 | GZ13: 1.28e-06 | HA13: 1e-08 | HB13: 9.25e-07 | HC13: 8.24e-06 | HD13: 8.15e-08 | HE13: 6.02e-08 | HF13: 1.06e-06 | HG13: 1.75e-07 | HH13: 0.000153 | HI13: 2.18e-06 | HJ13: 7.01e-08 | HK13: 8.09e-08 | HL13: 6.4e-07 | HM13: 3.31e-07 | HN13: 4.23e-07 | HO13: 3.67e-09 | HP13: 4.11e-05 | HQ13: 1.4e-08 | HR13: 5e-07 | HS13: 7.27e-09 | HT13: 4.11e-05 | HU13: 1.53e-08 | HV13: 4.27e-08 | HW13: 4.11e-05 | HX13: 8.34e-09 | HY13: 0.00313 | HZ13: 5.81e-05 | IA13: 0.0107 | IC13: 0.0099 | ID13: =IA13*7 -> 0.0749 | IE13: =IB13*7 -> 0 | IF13: =IC13*7 -> 0.0693 | IG13: 2.93e-07 | IH13: 1.77e-06 | II13: 5.51e-06 | IJ13: 0.000283 | IK13: 3.16e-05 | IL13: -5.2e-05 | IM13: -0.000251 | IN13: -0.798 | IO13: -0.000984 | IP13: -1.46e-06 | IQ13: -1.1989597e-05 | IR13: 4.3912704e-08 | IS13: 2.6486541e-07 | IT13: 3.9671371e-06 | IU13: 7.2898975e-05 | IV13: 2.8310657e-05 | IW13: 2.3e-06 | IX13: 1.39e-05 | IY13: 2.18e-06 | IZ13: 1.29e-06
A14: EF 3.0 Eutrophication, marine [kg N eq.] | B14: 0.00788 | C14: 0.00013 | D14: 0.000155 | E14: 0.0013 | F14: 0.00109 | G14: 0.000127 | H14: 0.00971 | I14: 0.494 | J14: 0.000972 | K14: 0.000158 | L14: 0.732 | M14: 0.00146 | N14: 0.0391 | O14: 0.258 | P14: 0.000972 | Q14: 0.000163 | R14: 0.000935 | S14: 0.00369 | T14: 0.000775 | U14: 0.000972 | V14: 0.0234 | W14: 0.0252 | X14: 0.000972 | Y14: 0.0749 | Z14: 9.69e-05 | AA14: 0.000972 | AB14: 0.00699 | AC14: 0.00713 | AD14: 0.00231 | AE14: 0.00668 | AF14: 3.89e-07 | AG14: 0.000972 | AH14: 0.988 | AI14: 0.000158 | AJ14: 0.00731 | AK14: 0.000388 | AL14: 0.00418 | AM14: 0.000315 | AN14: 4.12e-06 | AO14: 4.8478515e-05 | AP14: 0.0199 | AQ14: 0.00107 | AR14: 0.00203 | AS14: 0.00127 | AT14: 0.0007 | AU14: 4.77e-05 | AV14: 9e-05 | AW14: 3.98e-05 | AX14: 0.000987 | AY14: 0.000154 | AZ14: 4.31e-05 | BA14: 1.23e-05 | BB14: 0.000305 | BC14: 0.000155 | BD14: 0.000636 | BE14: 0.000103 | BF14: 0.000116 | BG14: 1.18e-05 | BH14: 0.00245 | BI14: 5.5e-05 | BJ14: 0.000743 | BK14: 0.0351 | BL14: 0.00121 | BM14: 0.000145 | BN14: 0.000294 | BO14: 0.000155 | BP14: 0.0208 | BQ14: 0.000218 | BR14: 2.98e-05 | BS14: 1.28e-05 | BT14: 0.00212 | BU14: 0.000673 | BV14: 0.0455 | BW14: 0.00092 | BX14: 0.000106 | BY14: 0.00208 | BZ14: 0.000743 | CA14: 0.0846 | CB14: 0.0011 | CC14: 2.13e-05 | CD14: 3.4e-05 | CE14: 0.00266 | CF14: 0.000743 | CG14: 0.0823 | CH14: 0.0012 | CI14: 2.55e-05 | CJ14: 9.36e-05 | CK14: 3.95e-05 | CL14: 0.000984 | CM14: 0.00139 | CN14: 2.73e-05 | CO14: 0.000331 | CP14: 1.4146367e-05 | CQ14: 3.89e-05 | CR14: 0.00173 | CS14: 3.12e-05 | CT14: 3.53e-05 | CU14: 0.000373 | CV14: 0.000377 | CW14: 0.0167 | CX14: 0.00192 | CY14: 0.00267 | CZ14: 0.00221 | DA14: 0.0234 | DB14: 0.000179 | DC14: 8.25e-07 | DD14: 1.34e-05 | DE14: 8.57e-09 | DF14: 0.00242 | DG14: 3.4e-05 | DH14: 0.000102 | DI14: 0.111 | DJ14: 0.00104 | DK14: 0.00139 | DL14: 0.000118 | DM14: 0.000208 | DN14: 0.000186 | DO14: 6.91e-06 | DP14: 0.00401 | DQ14: 7.73e-05 | DR14: 0.000583 | DS14: 0.0431 | DT14: 9.43e-06 | DU14: 2.37e-05 | DV14: 0.00206 | DW14: 5.41e-05 | DX14: 0.000186 | DY14: 0.00196 | DZ14: 0.00235 | EA14: 3.31e-06 | EB14: 0.116 | EC14: 0.0471 | ED14: 0.00304 | EE14: 0.0028 | EF14: 0.000229 | EG14: 0.000557 | EH14: 0.00234 | EI14: 0.286 | EJ14: 0.000255 | EK14: 0.00442 | EL14: 2.21e-05 | EM14: 0.00257 | EN14: 0.0278 | EO14: 2.22e-05 | EP14: 0.000134 | EQ14: 0.000139 | ER14: 0.000304 | ES14: 0.000753 | ET14: 0.11 | EU14: 0.0038 | EV14: 0.00203 | EW14: 5.96e-05 | EX14: 0.000675 | EY14: 0.00136 | EZ14: 3.16e-05 | FA14: 0.00023 | FB14: 0.000634 | FC14: 0.041415285 | FD14: 0.0107684 | FE14: 0.00019578391 | FF14: 0.00020917581 | FG14: 3.3385106e-05 | FH14: 6.96e-05 | FI14: 8.77e-05 | FJ14: 0.000185 | FK14: 1.7e-05 | FL14: 3.16e-06 | FM14: 0.000485 | FN14: 0.00263 | FO14: 0.000172 | FP14: 4.85e-06 | FQ14: 1.8e-05 | FR14: 0.000398 | FS14: 0.0208 | FT14: 0.000101 | FU14: 0.00813 | FV14: 4.86e-05 | FW14: 8.57e-09 | FX14: 0.000161 | FY14: 2.98e-05 | FZ14: 0.000696 | GA14: 6.06e-06 | GB14: 0.000115 | GC14: 9.49e-05 | GD14: 5.64e-06 | GE14: 0.00688 | GF14: 0.00113 | GG14: 3.12e-05 | GH14: 0.000177 | GI14: 9.49e-05 | GJ14: 5.64e-06 | GK14: 0.0078 | GL14: 2.55e-05 | GM14: 0.00598 | GN14: 0.00234 | GO14: 0.000103 | GP14: 0.000192 | GQ14: 0.000432 | GR14: 1.4364004e-05 | GS14: 0.05105854 | GT14: 0.015811462 | GU14: 0.00016942002 | GV14: 9.4309115e-05 | GW14: 4.61e-05 | GX14: 0.000336 | GY14: 0.000208 | GZ14: 3.18e-05 | HA14: 3.16e-06 | HB14: 0.000911 | HC14: 0.0124 | HD14: 0.00012 | HE14: 1.3e-06 | HF14: 2.65e-05 | HG14: 0.000172 | HH14: 0.017 | HI14: 0.00329 | HJ14: 0.000103 | HK14: 6.96e-05 | HL14: 1.59e-05 | HM14: 0.000326 | HN14: 0.000636 | HO14: 5.39e-06 | HP14: 0.000116 | HQ14: 1.38e-05 | HR14: 0.000751 | HS14: 1.06e-05 | HT14: 0.000116 | HU14: 1.51e-05 | HV14: 6.42e-05 | HW14: 0.000116 | HX14: 8.22e-06 | HY14: 0.0256 | HZ14: 0.0572 | IA14: 5.23 | IB14: 114 | IC14: 0.0134 | ID14: =IA14*7 -> 36.61 | IE14: =IB14*7 -> 798 | IF14: =IC14*7 -> 0.0938 | IG14: 0.000323 | IH14: 0.00194 | II14: 0.00645 | IJ14: 0.00104 | IK14: 0.00166 | IL14: -0.0453 | IM14: -0.353 | IN14: -0.905 | IO14: -0.0141 | IP14: 0.000633 | IQ14: -0.0032905464 | IR14: 4.8368242e-05 | IS14: 0.0002916295 | IT14: 0.0046433823 | IU14: 0.00026824799 | IV14: 0.0014824034 | IW14: 0.00253 | IX14: 0.0152 | IY14: 0.00217 | IZ14: 0.00038
A15: EF 3.0 Eutrophication, terrestrial [Mole of N eq.] | B15: 0.0865 | C15: 0.00144 | D15: 0.00171 | E15: 0.0137 | F15: 0.0111 | G15: 0.00138 | H15: 0.106 | I15: 5.39 | J15: 0.00928 | K15: 0.00175 | L15: 2.71 | M15: 0.0139 | N15: 0.428 | O15: 2.53 | P15: 0.00928 | Q15: 0.0018 | R15: 0.00871 | S15: 0.0398 | T15: 0.00857 | U15: 0.00928 | V15: 0.234 | W15: 0.276 | X15: 0.00928 | Y15: 0.819 | Z15: 0.00107 | AA15: 0.00928 | AB15: 0.0761 | AC15: 0.0781 | AD15: 0.0243 | AE15: 0.0583 | AF15: 3.71e-06 | AG15: 0.00928 | AH15: 10.8 | AI15: 0.00175 | AJ15: 0.073 | AK15: 0.00388 | AL15: 0.0462 | AM15: 0.00348 | AN15: 3.95e-05 | AO15: 0.00051039916 | AP15: 0.217 | AQ15: 0.0116 | AR15: 0.0221 | AS15: 0.0134 | AT15: 0.00762 | AU15: 0.000507 | AV15: 0.000977 | AW15: 0.0004 | AX15: 0.0109 | AY15: 0.00168 | AZ15: 0.000454 | BA15: 0.000135 | BB15: 0.00313 | BC15: 0.00145 | BD15: 0.00703 | BE15: 0.00103 | BF15: 0.00109 | BG15: 0.000131 | BH15: 0.0247 | BI15: 0.000551 | BJ15: 0.00695 | BK15: 0.78 | BL15: 0.0134 | BM15: 0.00147 | BN15: 0.00298 | BO15: 0.00145 | BP15: 0.463 | BQ15: 0.00242 | BR15: 0.000302 | BS15: 0.00013 | BT15: 0.0214 | BU15: 0.00629 | BV15: 1.01 | BW15: 0.0102 | BX15: 0.00108 | BY15: 0.021 | BZ15: 0.00695 | CA15: 1.88 | CB15: 0.0121 | CC15: 0.000216 | CD15: 0.000346 | CE15: 0.0268 | CF15: 0.00695 | CG15: 1.83 | CH15: 0.0133 | CI15: 0.000259 | CJ15: 0.00095 | CK15: 0.000416 | CL15: 0.0107 | CM15: 0.0151 | CN15: 0.000287 | CO15: 0.00357 | CP15: 0.00015038436 | CQ15: 0.000394 | CR15: 0.0173 | CS15: 0.000272 | CT15: 0.000355 | CU15: 0.00413 | CV15: 0.00385 | CW15: 0.162 | CX15: 0.0238 | CY15: 0.0291 | CZ15: 0.0244 | DA15: 0.255 | DB15: 0.00188 | DC15: 8.78e-06 | DD15: 0.000117 | DE15: 8.61e-08 | DF15: 0.0268 | DG15: 0.000346 | DH15: 0.00108 | DI15: 1.21 | DJ15: 0.011 | DK15: 0.0152 | DL15: 0.00128 | DM15: 0.00181 | DN15: 0.00187 | DO15: 7.5e-05 | DP15: 0.0444 | DQ15: 0.000814 | DR15: 0.00584 | DS15: 0.469 | DT15: 0.0001 | DU15: 0.000257 | DV15: 0.0206 | DW15: 0.000472 | DX15: 0.00187 | DY15: 0.0217 | DZ15: 0.025 | EA15: 3.53e-05 | EB15: 1.26 | EC15: 0.513 | ED15: 0.0331 | EE15: 0.0298 | EF15: 0.00249 | EG15: 0.00519 | EH15: 0.0218 | EI15: 3.13 | EJ15: 0.00259 | EK15: 0.048 | EL15: 0.000225 | EM15: 0.0271 | EN15: 0.302 | EO15: 0.000241 | EP15: 0.00146 | EQ15: 0.00121 | ER15: 0.00403 | ES15: 0.00833 | ET15: 1.19 | EU15: 0.0414 | EV15: 0.0214 | EW15: 0.000648 | EX15: 0.00676 | EY15: 0.0118 | EZ15: 0.000316 | FA15: 0.00512 | FB15: 0.00701 | FC15: 0.45077329 | FD15: 0.11717355 | FE15: 0.0021299991 | FF15: 0.0022022779 | FG15: 0.00035508789 | FH15: 0.000756 | FI15: 0.000879 | FJ15: 0.00161 | FK15: 0.000171 | FL15: 3.42e-05 | FM15: 0.00536 | FN15: 0.0286 | FO15: 0.00187 | FP15: 5.27e-05 | FQ15: 0.000157 | FR15: 0.00376 | FS15: 0.463 | FT15: 0.00112 | FU15: 0.0872 | FV15: 0.000512 | FW15: 8.61e-08 | FX15: 0.00178 | FY15: 0.000302 | FZ15: 0.00759 | GA15: 6.59e-05 | GB15: 0.00124 | GC15: 0.000959 | GD15: 5.63e-05 | GE15: 0.0753 | GF15: 0.0123 | GG15: 0.000333 | GH15: 0.00191 | GI15: 0.000959 | GJ15: 5.63e-05 | GK15: 0.0854 | GL15: 0.000259 | GM15: 0.0651 | GN15: 0.0255 | GO15: 0.00108 | GP15: 0.00242 | GQ15: 0.00478 | GR15: 0.00015122938 | GS15: 0.55584865 | GT15: 0.17226856 | GU15: 0.0017837146 | GV15: 0.0010025624 | GW15: 0.000501 | GX15: 0.00337 | GY15: 0.00181 | GZ15: 0.00032 | HA15: 3.42e-05 | HB15: 0.0101 | HC15: 0.135 | HD15: 0.00126 | HE15: 1.38e-05 | HF15: 0.000266 | HG15: 0.0019 | HH15: 0.186 | HI15: 0.0359 | HJ15: 0.00108 | HK15: 0.000756 | HL15: 0.00016 | HM15: 0.0036 | HN15: 0.00693 | HO15: 5.67e-05 | HP15: 0.00109 | HQ15: 0.000153 | HR15: 0.00819 | HS15: 0.000112 | HT15: 0.00109 | HU15: 0.000167 | HV15: 0.0007 | HW15: 0.00109 | HX15: 9.09e-05 | HY15: 0.252 | HZ15: 0.633 | IA15: 57.4 | IB15: 1250 | IC15: 0.112 | ID15: =IA15*7 -> 401.8 | IE15: =IB15*7 -> 8750 | IF15: =IC15*7 -> 0.784 | IG15: 0.00354 | IH15: 0.0214 | II15: 0.0705 | IJ15: 0.0114 | IK15: 0.00309 | IL15: -0.492 | IM15: -3.84 | IN15: -7.93 | IO15: -0.135 | IP15: 0.00746 | IQ15: -0.031117385 | IR15: 0.00053141248 | IS15: 0.0032040658 | IT15: 0.050715695 | IU15: 0.0029416798 | IV15: 0.0027637949 | IW15: 0.0276 | IX15: 0.166 | IY15: 0.0237 | IZ15: 0.00408
A16: EF 3.0 Human toxicity, cancer - total [CTUh] | B16: 4.7e-09 | C16: 9.17e-12 | D16: 1.06e-11 | E16: 1.85e-10 | F16: 3.77e-10 | G16: 1.09e-11 | H16: 9.8e-10 | I16: 4.33e-07 | J16: 2.51e-10 | K16: 1.08e-11 | L16: 1.34e-07 | M16: 3.76e-10 | N16: 3.94e-09 | O16: 9.6e-08 | P16: 2.51e-10 | Q16: 1.11e-11 | R16: 2.68e-10 | S16: 1.22e-06 | T16: 5.29e-11 | U16: 2.51e-10 | V16: 2.09e-08 | W16: 2.54e-09 | X16: 2.51e-10 | Y16: 6.55e-08 | Z16: 6.62e-12 | AA16: 2.51e-10 | AB16: 1.04e-08 | AC16: 7.2e-10 | AD16: 3.28e-10 | AE16: 1.3e-08 | AF16: 1e-13 | AG16: 2.51e-10 | AH16: 8.66e-07 | AI16: 1.08e-11 | AJ16: 4.35e-09 | AK16: 2.31e-10 | AL16: 1.38e-09 | AM16: 1.04e-10 | AN16: 1.21e-12 | AO16: 6.8987469e-12 | AP16: 1.36e-08 | AQ16: 8.59e-10 | AR16: 1.55e-09 | AS16: 1.81e-10 | AT16: 5.62e-10 | AU16: 2.18e-11 | AV16: 5.84e-09 | AW16: 7.39e-12 | AX16: 6.75e-11 | AY16: 1.18e-10 | AZ16: 6.13e-12 | BA16: 2.36e-08 | BB16: 4.34e-10 | BC16: 4.42e-11 | BD16: 4.34e-11 | BE16: 6.22e-11 | BF16: 3.32e-11 | BG16: 8.07e-13 | BH16: 1.43e-09 | BI16: 3.33e-11 | BJ16: 2.12e-10 | BK16: 8.31e-10 | BL16: 8.3e-11 | BM16: 5.98e-11 | BN16: 1.72e-10 | BO16: 4.42e-11 | BP16: 4.93e-10 | BQ16: 1.49e-11 | BR16: 1.23e-11 | BS16: 5.28e-12 | BT16: 1.24e-09 | BU16: 1.92e-10 | BV16: 1.08e-09 | BW16: 6.29e-11 | BX16: 4.4e-11 | BY16: 1.22e-09 | BZ16: 2.12e-10 | CA16: 2e-09 | CB16: 7.49e-11 | CC16: 8.79e-12 | CD16: 1.41e-11 | CE16: 1.55e-09 | CF16: 2.12e-10 | CG16: 1.95e-09 | CH16: 8.22e-11 | CI16: 1.06e-11 | CJ16: 3.87e-11 | CK16: 5.62e-12 | CL16: 6.28e-10 | CM16: 1.06e-09 | CN16: 3.88e-12 | CO16: 1.09e-07 | CP16: 6.5495664e-12 | CQ16: 2.28e-11 | CR16: 1.05e-09 | CS16: 6.08e-11 | CT16: 6.56e-12 | CU16: 2.55e-11 | CV16: 4.67e-10 | CW16: 8.06e-09 | CX16: 8.57e-09 | CY16: 2.52e-10 | CZ16: 1.51e-10 | DA16: 1.79e-08 | DB16: 2.55e-11 | DC16: 3.77e-13 | DD16: 2.61e-11 | DE16: 1.59e-15 | DF16: 1.65e-10 | DG16: 1.41e-11 | DH16: 1.46e-11 | DI16: 7.26e-08 | DJ16: 1.48e-10 | DK16: 1.06e-09 | DL16: 7.66e-09 | DM16: 4.06e-10 | DN16: 3.45e-11 | DO16: 4.71e-12 | DP16: 2.74e-10 | DQ16: 1.1e-11 | DR16: 3.53e-10 | DS16: 3.38e-08 | DT16: 4.37e-12 | DU16: 1.54e-09 | DV16: 1.25e-09 | DW16: 1.05e-10 | DX16: 3.45e-11 | DY16: 1.34e-10 | DZ16: 1.17e-09 | EA16: 1.65e-12 | EB16: 7.47e-08 | EC16: 3.15e-08 | ED16: 2.27e-09 | EE16: 1.39e-09 | EF16: 1.45e-08 | EG16: 8.44e-10 | EH16: 6.71e-10 | EI16: 2.88e-08 | EJ16: 1.06e-10 | EK16: 2.8e-07 | EL16: 2.73e-11 | EM16: 3.66e-10 | EN16: 1.93e-08 | EO16: 1.51e-11 | EP16: 8.71e-09 | EQ16: 2.7e-10 | ER16: 1.69e-09 | ES16: 5.15e-11 | ET16: 7.85e-08 | EU16: 1.83e-09 | EV16: 2.89e-10 | EW16: 3.87e-09 | EX16: 4.09e-10 | EY16: 2.65e-09 | EZ16: 8.28e-12 | FA16: 5.45e-12 | FB16: 4.33e-11 | FC16: 2.6727686e-08 | FD16: 8.0527051e-09 | FE16: 1.5725125e-10 | FF16: 2.9766815e-11 | FG16: 1.5262199e-11 | FH16: 4.52e-09 | FI16: 5.32e-11 | FJ16: 3.6e-10 | FK16: 3.15e-12 | FL16: 1.95e-11 | FM16: 3.31e-11 | FN16: 2.11e-09 | FO16: 1.38e-10 | FP16: 3.54e-10 | FQ16: 3.55e-11 | FR16: 1.12e-10 | FS16: 4.93e-10 | FT16: 6.9e-12 | FU16: 5.91e-09 | FV16: 6.92e-12 | FW16: 1.59e-15 | FX16: 1.1e-11 | FY16: 1.23e-11 | FZ16: 5.2e-10 | GA16: 4.79e-12 | GB16: 3.79e-08 | GC16: 5.55e-11 | GD16: 1.07e-12 | GE16: 6.88e-10 | GF16: 8.42e-10 | GG16: 1.41e-11 | GH16: 5.83e-08 | GI16: 5.55e-11 | GJ16: 1.07e-12 | GK16: 7.81e-10 | GL16: 1.06e-11 | GM16: 4.58e-09 | GN16: 1.46e-09 | GO16: 1.47e-11 | GP16: 8.53e-10 | GQ16: 2.95e-11 | GR16: 2.0440731e-12 | GS16: 2.854287e-08 | GT16: 1.2097652e-08 | GU16: 2.4109357e-11 | GV16: 4.3663776e-11 | GW16: 2.99e-09 | GX16: 2.04e-10 | GY16: 4.06e-10 | GZ16: 5.91e-12 | HA16: 1.95e-11 | HB16: 6.22e-11 | HC16: 9.48e-09 | HD16: 1.7e-11 | HE16: 5.94e-13 | HF16: 4.92e-12 | HG16: 1.18e-11 | HH16: 1e-08 | HI16: 2.5e-09 | HJ16: 1.47e-11 | HK16: 4.52e-09 | HL16: 2.96e-12 | HM16: 2.23e-11 | HN16: 4.87e-10 | HO16: 7.67e-13 | HP16: 3.32e-11 | HQ16: 9.44e-13 | HR16: 5.75e-10 | HS16: 1e-12 | HT16: 3.32e-11 | HU16: 1.03e-12 | HV16: 4.92e-11 | HW16: 3.32e-11 | HX16: 5.62e-13 | HY16: 7.84e-09 | HZ16: 3.91e-09 | IA16: 1.2e-05 | IC16: 5.76e-09 | ID16: =IA16*7 -> 8.4e-05 | IE16: =IB16*7 -> 0 | IF16: =IC16*7 -> 4.032e-08 | IG16: 1.95e-10 | IH16: 1.17e-09 | II16: 2.88e-07 | IJ16: 9.5e-10 | IK16: 1.13e-10 | IL16: -2.91e-06 | IM16: -2.82e-07 | IN16: -5.71e-07 | IO16: -1.25e-08 | IP16: -9.81e-11 | IQ16: -1.2436392e-09 | IR16: 2.9171234e-11 | IS16: 1.7587998e-10 | IT16: 2.0728335e-07 | IU16: 2.450444e-10 | IV16: 1.0158571e-10 | IW16: 2.89e-10 | IX16: 1.74e-09 | IY16: 2.65e-10 | IZ16: 1.45e-10
A17: EF 3.0 Human toxicity, cancer inorganics [CTUh] | B17: 2.9e-19 | C17: -9.05e-20 | D17: 2.74e-22 | E17: 5.33e-20 | F17: 1.27e-19 | G17: -8.3e-20 | H17: 1.1e-20 | J17: -2.32e-19 | K17: 2.81e-22 | M17: -3.48e-19 | N17: 4.45e-20 | P17: -2.32e-19 | Q17: 2.89e-22 | R17: -1.58e-19 | T17: 1.37e-21 | U17: -2.32e-19 | W17: 2.87e-20 | X17: -2.32e-19 | Z17: 1.72e-22 | AA17: -2.32e-19 | AC17: 8.11e-21 | AD17: 2.51e-19 | AE17: 2.64e-15 | AF17: -9.29e-23 | AG17: -2.32e-19 | AI17: 2.81e-22 | AJ17: 1.48e-16 | AK17: 7.84e-18 | AL17: 6.62e-20 | AM17: 4.99e-21 | AO17: 5.2868414e-21 | AP17: 7.83e-18 | AQ17: 4.56e-19 | AR17: 8.47e-19 | AS17: 1.39e-19 | AT17: 2.99e-19 | AU17: 3.25e-17 | AV17: 2.12e-21 | AW17: -3.78e-20 | AX17: 1.75e-21 | AY17: 6.44e-20 | AZ17: 4.7e-21 | BA17: 8.92e-17 | BC17: -2.63e-20 | BD17: 1.13e-21 | BF17: -1.97e-20 | BG17: 2.09e-23 | BJ17: -1.26e-19 | BL17: 2.15e-21 | BM17: 1.2e-20 | BO17: -2.63e-20 | BQ17: 3.88e-22 | BR17: 2.47e-21 | BS17: 1.06e-21 | BU17: -1.14e-19 | BW17: 1.63e-21 | BX17: 8.84e-21 | BZ17: -1.26e-19 | CB17: 1.95e-21 | CC17: 1.77e-21 | CD17: 2.83e-21 | CF17: -1.26e-19 | CH17: 2.13e-21 | CI17: 2.12e-21 | CJ17: 7.78e-21 | CK17: 4.31e-21 | CL17: 3.86e-19 | CM17: 5.79e-19 | CN17: 2.98e-21 | CP17: 9.7631568e-18 | CS17: 1.23e-17 | CT17: -3.36e-20 | CU17: 6.62e-22 | CV17: 4.16e-20 | CW17: 8.31e-15 | CX17: -1.11e-17 | CY17: 8.36e-19 | CZ17: 3.92e-21 | DA17: 9.75e-18 | DB17: 1.95e-20 | DC17: 5.63e-19 | DD17: 5.3e-18 | DE17: -8.14e-24 | DF17: 4.29e-21 | DG17: 2.83e-21 | DH17: 1.12e-20 | DI17: 4.37e-17 | DJ17: 1.14e-19 | DK17: 5.77e-19 | DL17: 2.78e-21 | DM17: 8.22e-17 | DN17: -1.77e-19 | DO17: 9.57e-21 | DP17: 7.12e-21 | DQ17: 8.43e-21 | DS17: 1.74e-17 | DT17: 6.51e-18 | DU17: 5.58e-22 | DW17: 2.14e-17 | DX17: -1.77e-19 | DY17: 3.48e-21 | DZ17: -1.31e-20 | EA17: -1.85e-23 | EB17: 3.46e-17 | EC17: 1.45e-17 | ED17: 1.13e-18 | EE17: -1.56e-20 | EF17: -2.03e-22 | EG17: 1.66e-16 | EH17: -3.94e-19 | EI17: 3.25e-19 | EJ17: 2.12e-20 | EK17: -3.9e-21 | EL17: 2.43e-21 | EM17: 2.81e-19 | EN17: 1.14e-17 | EO17: 1.23e-21 | EP17: 3.17e-21 | EQ17: 5.48e-17 | ER17: -2.21e-18 | ES17: 1.34e-21 | ET17: 4.53e-17 | EU17: 2.19e-19 | EV17: 2.22e-19 | EW17: 1.41e-21 | EY17: 5.37e-16 | EZ17: -3.11e-20 | FB17: 1.12e-21 | FC17: 1.6934046e-17 | FD17: 4.463572e-18 | FE17: 8.3598326e-20 | FF17: 2.2811741e-20 | FG17: 2.2780324e-17 | FH17: 1.64e-21 | FJ17: 7.3e-17 | FK17: -1.61e-20 | FL17: 1.66e-21 | FM17: 8.6e-22 | FN17: 1.12e-18 | FO17: 7.35e-20 | FP17: -1.11e-22 | FQ17: 7.2e-18 | FR17: -6.88e-20 | FT17: 1.79e-22 | FU17: 2.94e-18 | FV17: 5.3e-21 | FW17: -8.14e-24 | FX17: 2.85e-22 | FY17: 2.47e-21 | FZ17: 2.6e-19 | GA17: 2.41e-21 | GD17: -4.87e-21 | GE17: 7.93e-21 | GF17: 4.2e-19 | GG17: -9.03e-23 | GJ17: -4.87e-21 | GK17: 8.97e-21 | GL17: 2.12e-21 | GM17: 2.49e-18 | GN17: 1.64e-18 | GO17: 1.12e-20 | GP17: -1.12e-18 | GQ17: 7.66e-22 | GR17: 1.5664715e-21 | GS17: 2.1039161e-17 | GT17: 6.5886605e-18 | GU17: 1.8476159e-20 | GV17: 6.5087712e-17 | GW17: 1.09e-21 | GY17: 8.22e-17 | GZ17: -3.03e-20 | HA17: 1.66e-21 | HB17: 1.62e-21 | HC17: 5.17e-18 | HD17: 1.3e-20 | HE17: 8.87e-19 | HF17: -2.52e-20 | HG17: 3.05e-22 | HH17: 6.25e-18 | HI17: 1.36e-18 | HJ17: 1.12e-20 | HK17: 1.64e-21 | HL17: -1.51e-20 | HM17: 5.78e-22 | HN17: 2.65e-19 | HO17: 5.87e-22 | HP17: -1.97e-20 | HQ17: 2.45e-23 | HR17: 3.14e-19 | HS17: 1.2e-21 | HT17: -1.97e-20 | HU17: 2.68e-23 | HV17: 2.68e-20 | HW17: -1.97e-20 | HX17: 1.46e-23 | HY17: -2.08e-17 | HZ17: 1.02e-19 | IA17: 1.35e-16 | ID17: =IA17*7 -> 9.45e-16 | IE17: =IB17*7 -> 0 | IF17: =IC17*7 -> 0 | IG17: 2.12e-21 | IH17: 1.3e-20 | II17: 5.3e-20 | IJ17: 3.94e-20 | IK17: 4.31e-21 | IL17: -1.35e-16 | IM17: -1.43e-16 | IN17: -1.94e-20 | IO17: -5.57e-15 | IP17: -3.87e-19 | IQ17: -3.2740214e-18 | IR17: 3.1748733e-22 | IS17: 1.9456298e-21 | IT17: 3.8101177e-20 | IU17: 1.0173799e-20 | IV17: 3.8590344e-21 | IY17: 6.58e-20 | IZ17: 2.76e-19
A18: EF 3.0 Human toxicity, cancer metals [CTUh] | B18: 3.41e-09 | C18: -2.58e-13 | D18: 1.03e-11 | E18: 6.65e-11 | F18: 2.79e-10 | G18: -1.97e-13 | H18: 9.6e-10 | J18: 2.95e-12 | K18: 1.05e-11 | M18: 4.43e-12 | N18: 3.87e-09 | P18: 2.95e-12 | Q18: 1.08e-11 | R18: 3.57e-12 | S18: 4.65e-10 | T18: 5.15e-11 | U18: 2.95e-12 | W18: 2.49e-09 | X18: 2.95e-12 | Z18: 6.45e-12 | AA18: 2.95e-12 | AC18: 7.05e-10 | AD18: 1.17e-10 | AE18: 1.26e-08 | AF18: 1.18e-15 | AG18: 2.95e-12 | AI18: 1.05e-11 | AJ18: 7.6565921e-10 | AK18: 4.062154e-11 | AL18: 3.1190216e-10 | AM18: 2.3518588e-11 | AN18: 0 | AO18: 2.4655187e-12 | AP18: 3.173292e-09 | AQ18: 2.1245939e-10 | AR18: 3.5911034e-10 | AS18: 6.4834011e-11 | AT18: 1.3847429e-10 | AU18: 2.065948e-11 | AV18: 9.5741889e-11 | AW18: 3.5556638e-12 | AX18: 6.5681202e-11 | AY18: 2.74e-11 | AZ18: 2.19e-12 | BA18: 2.36e-08 | BB18: 1.06e-10 | BC18: 5.94e-13 | BD18: 4.23e-11 | BE18: 3.36e-11 | BF18: 4.46e-13 | BG18: 7.86e-13 | BH18: 1.2604906e-09 | BI18: 1.8035564e-11 | BJ18: 2.8524848e-12 | BK18: 0 | BL18: 8.0781708e-11 | BM18: 4.7630478e-11 | BN18: 1.5176056e-10 | BO18: 5.9426767e-13 | BP18: 0 | BQ18: 1.453848e-11 | BR18: 9.8062749e-12 | BS18: 4.2026892e-12 | BT18: 1.09e-09 | BU18: 2.59e-12 | BW18: 6.12e-11 | BX18: 3.5e-11 | BY18: 1.0711034e-09 | BZ18: 2.8524848e-12 | CA18: 0 | CB18: 7.2955632e-11 | CC18: 7.0044821e-12 | CD18: 1.1207171e-11 | CE18: 1.3683535e-09 | CF18: 2.8524848e-12 | CG18: 0 | CH18: 8.0002138e-11 | CI18: 8.4053785e-12 | CJ18: 3.0819721e-11 | CK18: 2.0089412e-12 | CL18: 1.4516305e-10 | CM18: 2.4546783e-10 | CN18: 1.3878496e-12 | CO18: 4.1694842e-11 | CP18: 6.1994178e-12 | CQ18: 2.0067512e-11 | CR18: 5.6592676e-10 | CS18: 5.8766047e-11 | CT18: 3.1564728e-12 | CU18: 2.4828709e-11 | CV18: 1.02e-12 | CW18: 6.37e-09 | CX18: -9.25e-10 | CY18: 2.1e-10 | CZ18: 1.47e-10 | DA18: 4.1568411e-09 | DB18: 9.0991247e-12 | DC18: 3.57409e-13 | DD18: 2.5248832e-11 | DE18: 7.6557875e-16 | DF18: 1.6096163e-10 | DG18: 1.1207171e-11 | DH18: 5.204984e-12 | DI18: 1.686348e-08 | DJ18: 5.2962995e-11 | DK18: 2.4258645e-10 | DL18: 1.2559114e-10 | DM18: 3.9177365e-10 | DN18: 1.6593128e-11 | DO18: 3.6727288e-12 | DP18: 2.6693387e-10 | DQ18: 3.933516e-12 | DR18: 1.9107949e-10 | DS18: 8.0643672e-09 | DT18: 4.1329452e-12 | DU18: 2.5174298e-11 | DV18: 6.7462759e-10 | DW18: 1.0186115e-10 | DX18: 1.6593128e-11 | DY18: 1.3045872e-10 | DZ18: 9.5028475e-11 | EA18: 1.3412629e-13 | EB18: 1.799303e-08 | EC18: 7.4271156e-09 | ED18: 5.2888486e-10 | EE18: 1.1313552e-10 | EF18: 2.3852001e-10 | EG18: 8.0532269e-10 | EH18: 8.9140151e-12 | EI18: 2.8236147e-08 | EJ18: 8.4053785e-11 | EK18: 4.5954855e-09 | EL18: 5.9404498e-14 | EM18: 1.308229e-10 | EN18: 4.6135349e-09 | EO18: 1.0804176e-11 | EP18: 1.4281939e-10 | EQ18: 2.6091753e-10 | ER18: -1.8526776e-10 | ES18: 5.0107777e-11 | ET18: 1.8915857e-08 | EU18: 9.9840112e-11 | EV18: 1.0346047e-10 | EW18: 6.3475286e-11 | EX18: 2.2130125e-10 | EY18: 2.556323e-09 | EZ18: 5.5172954e-12 | FA18: 0 | FB18: 4.2156783e-11 | FC18: 6.3564439e-09 | FD18: 1.9463376e-09 | FE18: 3.8725861e-11 | FF18: 1.0638257e-11 | FG18: 1.4461636e-11 | FH18: 7.40545e-11 | FI18: 2.8759413e-11 | FJ18: 3.4769911e-10 | FK18: 1.5170278e-12 | FL18: 1.8882176e-11 | FM18: 3.224402e-11 | FN18: 5.1927859e-10 | FO18: 3.4031817e-11 | FP18: 5.7012524e-12 | FQ18: 3.428203e-11 | FR18: 1.5569813e-12 | FS18: 0 | FT18: 6.7224946e-12 | FU18: 1.872873e-09 | FV18: 2.4738832e-12 | FW18: 7.6557875e-16 | FX18: 1.0692321e-11 | FY18: 9.8062749e-12 | FZ18: 1.212566e-10 | GA18: 1.1843485e-12 | GB18: 1.4518739e-11 | GC18: 4.891456e-11 | GD18: 4.0454509e-13 | GE18: 6.7422151e-10 | GF18: 1.9631098e-10 | GG18: 1.3120052e-12 | GH18: 2.2336522e-11 | GI18: 4.891456e-11 | GJ18: 4.0454509e-13 | GK18: 7.6517208e-10 | GL18: 8.4053785e-12 | GM18: 1.0580118e-09 | GN18: 3.8642434e-10 | GO18: 5.2378576e-12 | GP18: -9.2590203e-11 | GQ18: 2.8717615e-11 | GR18: 7.3052407e-13 | GS18: 6.7624358e-09 | GT18: 2.8089508e-09 | GU18: 8.6163579e-12 | GV18: 4.1329452e-11 | GW18: 4.9087554e-11 | GX18: 1.1016318e-10 | GY18: 3.9177365e-10 | GZ18: 2.8443358e-12 | HA18: 1.8882176e-11 | HB18: 6.0596659e-11 | HC18: 2.1910277e-09 | HD18: 6.0856581e-12 | HE18: 5.6297082e-13 | HF18: 2.369965e-12 | HG18: 1.1452806e-11 | HH18: 2.1969033e-09 | HI18: 5.7551707e-10 | HJ18: 5.2378576e-12 | HK18: 7.40545e-11 | HL18: 1.4221679e-12 | HM18: 2.1665289e-11 | HN18: 1.13e-10 | HO18: 2.74e-13 | HP18: 4.46e-13 | HQ18: 9.19e-13 | HR18: 1.33e-10 | HS18: 5.57e-13 | HT18: 4.46e-13 | HU18: 1e-12 | HV18: 1.14e-11 | HW18: 4.46e-13 | HX18: 5.47e-13 | HY18: 3.74e-09 | HZ18: 3.81e-09 | IA18: 1.18e-05 | ID18: =IA18*7 -> 8.26e-05 | IE18: =IB18*7 -> 0 | IF18: =IC18*7 -> 0 | IG18: 1.89e-10 | IH18: 1.14e-09 | II18: 2.87e-07 | IJ18: 8.75e-10 | IK18: 9.24e-11 | IL18: -8.3022211e-08 | IM18: -6.8653196e-08 | IN18: -1.1946646e-09 | IO18: -1.1211703e-08 | IP18: 2.4251713e-11 | IQ18: -1.9586695e-10 | IR18: 2.8318767e-11 | IS18: 1.7073348e-10 | IT18: 2.0672465e-07 | IU18: 2.2567468e-10 | IV18: 8.2692742e-11 | IW18: 5.8407943e-11 | IX18: 3.5181706e-10 | IY18: 5.473494e-11 | IZ18: 3.6285042e-11
A19: EF 3.0 Human toxicity, cancer organics [CTUh] | B19: 1.2899226e-09 | C19: 9.4310062e-12 | D19: 2.7881583e-13 | E19: 1.1852673e-10 | F19: 9.8218612e-11 | G19: 8.4334587e-12 | H19: 1.9618739e-11 | I19: 0 | J19: 4.5307881e-12 | K19: 2.8563261e-13 | L19: 0 | M19: 6.7961822e-12 | N19: 7.8983139e-11 | O19: 0 | P19: 4.5307881e-12 | Q19: 2.9379354e-13 | R19: -5.4446868e-12 | S19: 1.2149462e-06 | T19: 1.3967309e-12 | U19: 4.5307881e-12 | V19: 0 | W19: 5.0917444e-11 | X19: 4.5307881e-12 | Y19: 0 | Z19: 1.7464394e-13 | AA19: 4.5307881e-12 | AB19: 0 | AC19: 1.4412167e-11 | AD19: 2.1082463e-10 | AE19: 4.4074712e-10 | AF19: 1.8123153e-15 | AG19: 4.5307881e-12 | AH19: 0 | AI19: 2.8563261e-13 | AJ19: 3.5860466e-09 | AK19: 1.9025532e-10 | AL19: 1.0707855e-09 | AM19: 8.0741225e-11 | AN19: 0 | AO19: 4.4332281e-12 | AP19: 9.7750304e-09 | AQ19: 6.467598e-10 | AR19: 1.1941873e-09 | AS19: 1.1657748e-10 | AT19: 4.2381807e-10 | AU19: 1.143629e-12 | AV19: 5.744997e-09 | AW19: 2.6916717e-12 | AX19: 1.7796283e-12 | AY19: 9.07e-11 | AZ19: 3.94e-12 | BA19: 1.31e-12 | BB19: 2.98e-10 | BC19: -9.07e-13 | BD19: 1.15e-12 | BE19: 1.5136063e-11 | BF19: -6.8058584e-13 | BG19: 2.1287002e-14 | BH19: 1.7033306e-10 | BI19: 8.1164398e-12 | BJ19: -4.3557494e-12 | BK19: 0 | BL19: 2.1887756e-12 | BM19: 1.2157458e-11 | BN19: 2.0507762e-11 | BO19: -9.0744779e-13 | BP19: 0 | BQ19: 3.9391926e-13 | BR19: 2.5030061e-12 | BS19: 1.0727169e-12 | BT19: 1.48e-10 | BU19: -3.95e-12 | BW19: 1.66e-12 | BX19: 8.94e-12 | BY19: 1.4474073e-10 | BZ19: -4.3557494e-12 | CA19: 0 | CB19: 1.9767285e-12 | CC19: 1.7878615e-12 | CD19: 2.8605784e-12 | CE19: 1.8490883e-10 | CF19: -4.3557494e-12 | CG19: 0 | CH19: 2.1676532e-12 | CI19: 2.1454338e-12 | CJ19: 7.8665905e-12 | CK19: 3.61226e-12 | CL19: 4.4894298e-10 | CM19: 8.1627994e-10 | CN19: 2.4954805e-12 | CO19: 1.0885918e-07 | CP19: 3.5013886e-13 | CQ19: 2.7117702e-12 | CR19: 2.5468072e-10 | CS19: 2.059566e-12 | CT19: 2.3891841e-12 | CU19: 6.727324e-13 | CV19: 4.657871e-10 | CW19: 1.1967139e-09 | CX19: -1.558791e-09 | CY19: 4.1491378e-11 | CZ19: 3.9806693e-12 | DA19: 1.3745935e-08 | DB19: 1.6361058e-11 | DC19: 1.9784783e-14 | DD19: 8.8489253e-13 | DE19: 5.7913112e-16 | DF19: 4.3612459e-12 | DG19: 2.8605784e-12 | DH19: 9.3590372e-12 | DI19: 5.2079311e-08 | DJ19: 9.5232308e-11 | DK19: 8.1663798e-10 | DL19: 7.5361029e-09 | DM19: 1.373044e-11 | DN19: 1.2561103e-11 | DO19: 1.0410887e-12 | DP19: 7.2325574e-12 | DQ19: 7.0728214e-12 | DR19: 8.599039e-11 | DS19: 2.4682015e-08 | DT19: 2.334259e-13 | DU19: 1.5105851e-09 | DV19: 3.0359872e-10 | DW19: 3.5699144e-12 | DX19: 1.2561103e-11 | DY19: 3.5347713e-12 | DZ19: 1.0746118e-09 | EA19: 1.5167421e-12 | EB19: 5.385783e-08 | EC19: 2.233873e-08 | ED19: 1.7387317e-09 | EE19: 1.279372e-09 | EF19: 1.42836e-08 | EG19: 3.8848463e-11 | EH19: -1.3611717e-11 | EI19: 5.7695544e-10 | EJ19: 2.1454338e-11 | EK19: 2.7519736e-07 | EL19: 2.723352e-11 | EM19: 2.3523153e-10 | EN19: 1.4209705e-08 | EO19: 4.2489856e-12 | EP19: 8.569885e-09 | EQ19: 9.1443426e-12 | ER19: -3.1131173e-10 | ES19: 1.3576672e-12 | ET19: 5.818274e-08 | EU19: 3.0582017e-10 | EV19: 1.8603139e-10 | EW19: 3.8088378e-09 | EX19: 9.959091e-11 | EY19: 8.9591121e-11 | EZ19: 2.7604488e-12 | FA19: 0 | FB19: 1.1422355e-12 | FC19: 1.9661025e-08 | FD19: 5.9738388e-09 | FE19: 1.1852539e-10 | FF19: 1.9128558e-11 | FG19: 8.0054033e-13 | FH19: 4.4436441e-09 | FI19: 1.2942431e-11 | FJ19: 1.2185765e-11 | FK19: 1.148405e-12 | FL19: 6.3712162e-13 | FM19: 8.7364982e-13 | FN19: 1.5893178e-09 | FO19: 1.0415868e-10 | FP19: 3.483801e-10 | FQ19: 1.2096387e-12 | FR19: -2.3775132e-12 | FS19: 0 | FT19: 1.821456e-13 | FU19: 4.0398853e-09 | FV19: 4.4482683e-12 | FW19: 5.7913112e-16 | FX19: 2.897078e-13 | FY19: 2.5030061e-12 | FZ19: 3.9861763e-10 | GA19: 3.6018593e-12 | GB19: 3.7906321e-08 | GC19: 6.6099398e-12 | GD19: 3.2573028e-13 | GE19: 1.3852239e-11 | GF19: 6.4538077e-10 | GG19: 1.2830464e-11 | GH19: 5.8317416e-08 | GI19: 6.6099398e-12 | GJ19: 3.2573028e-13 | GK19: 1.5710652e-11 | GL19: 2.1454338e-12 | GM19: 3.5183177e-09 | GN19: 1.0737468e-09 | GO19: 9.4181469e-12 | GP19: -1.5444231e-10 | GQ19: 7.7810209e-13 | GR19: 1.3135491e-12 | GS19: 2.1110995e-08 | GT19: 9.2887013e-09 | GU19: 1.5492999e-11 | GV19: 2.334259e-12 | GW19: 2.9455012e-09 | GX19: 4.9576092e-11 | GY19: 1.373044e-11 | GZ19: 2.1531414e-12 | HA19: 6.3712162e-13 | HB19: 1.6418629e-12 | HC19: 7.2860542e-09 | HD19: 1.094257e-11 | HE19: 3.1163892e-14 | HF19: 1.7940789e-12 | HG19: 3.1031311e-13 | HH19: 6.8205563e-09 | HI19: 1.9265176e-09 | HJ19: 9.4181469e-12 | HK19: 4.4436441e-09 | HL19: 1.0765707e-12 | HM19: 5.8701972e-13 | HN19: 3.741283e-10 | HO19: 4.925809e-13 | HP19: -6.8058584e-13 | HQ19: 2.4907987e-14 | HR19: 4.4215163e-10 | HS19: 4.4770623e-13 | HT19: -6.8058584e-13 | HU19: 2.721225e-14 | HV19: 3.7790738e-11 | HW19: -6.8058584e-13 | HX19: 1.481312e-14 | HY19: 1.39e-09 | HZ19: 1.03e-10 | IA19: 2.4043014e-07 | IB19: 0 | ID19: =IA19*7 -> 1.683011e-06 | IE19: =IB19*7 -> 0 | IF19: =IC19*7 -> 0 | IG19: 5.69e-12 | IH19: 3.43e-11 | II19: 7.77e-10 | IJ19: 7.51e-11 | IK19: 2.11e-11 | IL19: -2.830452e-06 | IM19: -2.1299197e-07 | IN19: -4.493287e-10 | IO19: -1.053207e-09 | IP19: -1.2236331e-10 | IQ19: -1.0477722e-09 | IR19: 8.5246722e-13 | IS19: 5.1465008e-12 | IT19: 5.5869639e-10 | IU19: 1.9369728e-11 | IV19: 1.8892965e-11 | IW19: 2.3056281e-10 | IX19: 1.3887825e-09 | IY19: 2.1040885e-10 | IZ19: 1.091872e-10
A20: EF 3.0 Human toxicity, non-cancer - total [CTUh] | B20: 2.9026129e-07 | C20: 2.3238623e-10 | D20: 5.8636497e-10 | E20: 2.2853623e-08 | F20: 1.5855328e-08 | G20: 2.9222177e-10 | H20: 4.4424789e-08 | I20: 1.50511e-05 | J20: 7.7090608e-09 | K20: 6.0070103e-10 | L20: 2.74926e-05 | M20: 1.1563591e-08 | N20: 1.788499e-07 | O20: 2.88936e-06 | P20: 7.7090608e-09 | Q20: 6.1786392e-10 | R20: 8.3074162e-09 | S20: 8.0624556e-08 | T20: 2.9374016e-09 | U20: 7.7090608e-09 | V20: 7.9704e-07 | W20: 1.1529777e-07 | X20: 7.7090608e-09 | Y20: 2.30665e-06 | Z20: 3.6728577e-10 | AA20: 7.7090608e-09 | AB20: 2.627265e-07 | AC20: 3.2634996e-08 | AD20: 4.072364e-08 | AE20: 1.3087687e-06 | AF20: 3.0836243e-12 | AG20: 7.7090608e-09 | AH20: 3.01021e-05 | AI20: 6.0070103e-10 | AJ20: 1.9441487e-07 | AK20: 1.0314551e-08 | AL20: 4.1367728e-08 | AM20: 3.1192813e-09 | AN20: 2.2181425e-11 | AO20: 8.5633822e-10 | AP20: 3.2333786e-07 | AQ20: 2.0377191e-08 | AR20: 3.3658933e-08 | AS20: 2.2518524e-08 | AT20: 1.3275044e-08 | AU20: 1.8069696e-09 | AV20: 1.2694854e-09 | AW20: 5.2852685e-10 | AX20: 3.7426558e-09 | AY20: 2.57e-09 | AZ20: 7.61e-10 | BA20: 3.02e-06 | BB20: 6.82e-09 | BC20: 1.33e-09 | BD20: 2.41e-09 | BE20: 3.1183507e-09 | BF20: 9.9714685e-10 | BG20: 4.4767731e-11 | BH20: 9.7910677e-08 | BI20: 1.6721591e-09 | BJ20: 6.3817399e-09 | BK20: 4.655215e-08 | BL20: 4.603115e-09 | BM20: 3.1536481e-09 | BN20: 1.1788251e-08 | BO20: 1.3295291e-09 | BP20: 2.762603e-08 | BQ20: 8.2843378e-10 | BR20: 6.492805e-10 | BS20: 2.7826307e-10 | BT20: 8.49e-08 | BU20: 5.78e-09 | BV20: 6.03e-08 | BW20: 3.49e-09 | BX20: 2.32e-09 | BY20: 8.319972e-08 | BZ20: 6.3817399e-09 | CA20: 1.1218305e-07 | CB20: 4.1571684e-09 | CC20: 4.6377178e-10 | CD20: 7.4203485e-10 | CE20: 1.062891e-07 | CF20: 6.3817399e-09 | CG20: 1.0913045e-07 | CH20: 4.5586934e-09 | CI20: 5.5652614e-10 | CJ20: 2.0405958e-09 | CK20: 6.9775707e-10 | CL20: 1.4982216e-08 | CM20: 2.3007372e-08 | CN20: 4.8203596e-10 | CO20: 7.2239602e-09 | CP20: 5.4238885e-10 | CQ20: 1.5587769e-09 | CR20: 5.246964e-08 | CS20: 6.1157417e-09 | CT20: 4.6918146e-10 | CU20: 1.4147931e-09 | CV20: 1.1692684e-08 | CW20: 6.8190284e-07 | CX20: 2.4216648e-08 | CY20: 8.4818125e-08 | CZ20: 8.3715657e-09 | DA20: 3.8985917e-07 | DB20: 3.1603606e-09 | DC20: 3.1260573e-11 | DD20: 2.6276284e-09 | DE20: 1.1379612e-13 | DF20: 9.171939e-09 | DG20: 7.4203485e-10 | DH20: 1.8078251e-09 | DI20: 1.7297337e-06 | DJ20: 1.8395414e-08 | DK20: 2.2654315e-08 | DL20: 1.6652702e-09 | DM20: 4.0771611e-08 | DN20: 2.4665149e-09 | DO20: 2.2466955e-10 | DP20: 1.5210464e-08 | DQ20: 1.3662115e-09 | DR20: 1.7715847e-08 | DS20: 7.9603009e-07 | DT20: 3.6159257e-10 | DU20: 3.337975e-10 | DV20: 6.2547788e-08 | DW20: 1.0600619e-08 | DX20: 2.4665149e-09 | DY20: 7.4338178e-09 | DZ20: 4.7567768e-08 | EA20: 6.7138699e-11 | EB20: 1.8079639e-06 | EC20: 7.5739893e-07 | ED20: 4.9544043e-08 | EE20: 5.6631493e-08 | EF20: 3.2002087e-09 | EG20: 8.3645409e-08 | EH20: 2.0768541e-08 | EI20: 1.3064614e-06 | EJ20: 5.5652614e-09 | EK20: 6.1657355e-08 | EL20: 6.8364485e-10 | EM20: 4.5438166e-08 | EN20: 4.5939058e-07 | EO20: 1.2714758e-09 | EP20: 1.8937074e-09 | EQ20: 2.7153506e-08 | ER20: 3.9970007e-09 | ES20: 2.8552486e-09 | ET20: 1.8641922e-06 | EU20: 4.168587e-08 | EV20: 3.5934489e-08 | EW20: 8.4164775e-10 | EX20: 2.0517844e-08 | EY20: 2.6603476e-07 | EZ20: 5.6025349e-10 | FA20: 3.0526e-10 | FB20: 2.4021839e-09 | FC20: 6.3872023e-07 | FD20: 1.9066011e-07 | FE20: 3.7125123e-09 | FF20: 3.6949409e-09 | FG20: 1.2648787e-09 | FH20: 9.8192238e-10 | FI20: 2.6664158e-09 | FJ20: 3.6184805e-08 | FK20: 2.254924e-10 | FL20: 2.2406333e-09 | FM20: 1.8373334e-09 | FN20: 4.9781415e-08 | FO20: 3.2625108e-09 | FP20: 6.4065292e-11 | FQ20: 3.5678636e-09 | FR20: 3.0771694e-09 | FS20: 2.762603e-08 | FT20: 3.8306217e-10 | FU20: 1.8245412e-07 | FV20: 8.5924343e-10 | FW20: 1.1379612e-13 | FX20: 6.0927138e-10 | FY20: 6.492805e-10 | FZ20: 1.1358561e-08 | GA20: 1.1347881e-10 | GB20: 2.5154862e-09 | GC20: 3.7995188e-09 | GD20: 6.9807321e-11 | GE20: 3.13174e-08 | GF20: 1.838971e-08 | GG20: 6.0684538e-10 | GH20: 3.8699787e-09 | GI20: 3.7995188e-09 | GJ20: 6.9807321e-11 | GK20: 3.5525602e-08 | GL20: 5.5652614e-10 | GM20: 9.9166033e-08 | GN20: 3.623429e-08 | GO20: 1.819243e-09 | GP20: 2.2541147e-09 | GQ20: 1.6363913e-09 | GR20: 2.5372984e-10 | GS20: 6.9017002e-07 | GT20: 2.6344409e-07 | GU20: 2.9926832e-09 | GV20: 3.6159257e-09 | GW20: 6.5087426e-10 | GX20: 1.0213728e-08 | GY20: 4.0771611e-08 | GZ20: 4.2282358e-10 | HA20: 2.2406333e-09 | HB20: 3.4529277e-09 | HC20: 2.053621e-07 | HD20: 2.113706e-09 | HE20: 4.923992e-11 | HF20: 3.5225437e-10 | HG20: 6.5260548e-10 | HH20: 2.3988022e-07 | HI20: 5.3780698e-08 | HJ20: 1.819243e-09 | HK20: 9.8192238e-10 | HL20: 2.1141179e-10 | HM20: 1.2345346e-09 | HN20: 1.0545045e-08 | HO20: 9.5148691e-11 | HP20: 9.9714685e-10 | HQ20: 5.238286e-11 | HR20: 1.2462326e-08 | HS20: 1.790096e-10 | HT20: 9.9714685e-10 | HU20: 5.7228852e-11 | HV20: 1.0651561e-09 | HW20: 9.9714685e-10 | HX20: 3.1152802e-11 | HY20: 4.21e-07 | HZ20: 2.17e-07 | IA20: 0.00049247604 | IB20: 5.1955409e-05 | IC20: 1.52e-07 | ID20: =IA20*7 -> 0.0034473322 | IE20: =IB20*7 -> 0.00036368786 | IF20: =IC20*7 -> 1.064e-06 | IG20: 2.15e-08 | IH20: 1.29e-07 | II20: 3.4e-05 | IJ20: 7.96e-08 | IK20: 1.63e-08 | IL20: -5.2149952e-06 | IM20: -6.5476531e-06 | IN20: -2.771968e-05 | IO20: -1.1854765e-06 | IP20: 2.0094329e-09 | IQ20: -2.1368606e-08 | IR20: 3.2194787e-09 | IS20: 1.9410325e-08 | IT20: 2.4479894e-05 | IU20: 2.0530655e-08 | IV20: 1.4632809e-08 | IW20: 8.6601254e-09 | IX20: 5.2163793e-08 | IY20: 8.1013969e-09 | IZ20: 5.1161303e-09
A21: EF 3.0 Human toxicity, non-cancer inorganics [CTUh] | B21: 3.5139072e-08 | C21: 2.4355882e-10 | D21: 1.3190291e-10 | E21: 1.8508965e-08 | F21: 3.0529456e-09 | G21: 2.1994034e-10 | H21: 1.2722497e-08 | I21: 0 | J21: 3.0992435e-10 | K21: 1.3512781e-10 | L21: 0 | M21: 4.6488652e-10 | N21: 5.1219538e-08 | O21: 0 | P21: 3.0992435e-10 | Q21: 1.3898861e-10 | R21: 7.3739471e-11 | S21: 2.9176668e-08 | T21: 6.6076905e-10 | U21: 3.0992435e-10 | V21: 0 | W21: 3.30193e-08 | X21: 3.0992435e-10 | Y21: 0 | Z21: 8.2621004e-11 | AA21: 3.0992435e-10 | AB21: 0 | AC21: 9.3461025e-09 | AD21: 3.306575e-08 | AE21: 1.160725e-08 | AF21: 1.2396974e-13 | AG21: 3.0992435e-10 | AH21: 0 | AI21: 1.3512781e-10 | AJ21: 1.3579283e-07 | AK21: 7.2043981e-09 | AL21: 6.4118925e-09 | AM21: 4.8348066e-10 | AN21: 0 | AO21: 6.9530783e-10 | AP21: 4.300613e-08 | AQ21: 2.5518489e-09 | AR21: 4.6551681e-09 | AS21: 1.8284021e-08 | AT21: 1.6276154e-09 | AU21: 6.0361118e-11 | AV21: 3.6993077e-10 | AW21: 1.6900949e-10 | AX21: 8.4191113e-10 | AY21: 3.63e-10 | AZ21: 6.18e-10 | BA21: 4.39e-11 | BB21: 1.52e-09 | BC21: 1.23e-11 | BD21: 5.42e-10 | BE21: 3.9052284e-10 | BF21: 9.2174339e-12 | BG21: 1.007051e-11 | BH21: 6.75757e-09 | BI21: 2.094108e-10 | BJ21: 5.8991577e-11 | BK21: 0 | BL21: 1.0354716e-09 | BM21: 4.0264091e-10 | BN21: 8.1359798e-10 | BO21: 1.2289912e-11 | BP21: 0 | BQ21: 1.8635634e-10 | BR21: 8.2896657e-11 | BS21: 3.5527139e-11 | BT21: 5.86e-09 | BU21: 5.35e-11 | BW21: 7.85e-10 | BX21: 2.96e-10 | BY21: 5.7422535e-09 | BZ21: 5.8991577e-11 | CA21: 0 | CB21: 9.3515583e-10 | CC21: 5.9211898e-11 | CD21: 9.4739037e-11 | CE21: 7.3358297e-09 | CF21: 5.8991577e-11 | CG21: 0 | CH21: 1.025479e-09 | CI21: 7.1054278e-11 | CJ21: 2.6053235e-10 | CK21: 5.6654712e-10 | CL21: 2.1293366e-09 | CM21: 3.1820136e-09 | CN21: 3.9139136e-10 | CO21: 2.6142295e-09 | CP21: 1.8250456e-11 | CQ21: 1.075832e-10 | CR21: 6.5709713e-09 | CS21: 5.4239486e-11 | CT21: 1.5002077e-10 | CU21: 3.1825798e-10 | CV21: 1.3093764e-08 | CW21: 1.3178987e-07 | CX21: -4.9726044e-08 | CY21: 6.3046519e-08 | CZ21: 1.8831853e-09 | DA21: 5.4958691e-08 | DB21: 2.5660696e-09 | DC21: 1.0442473e-12 | DD21: 2.3303995e-11 | DE21: 3.6370103e-14 | DF21: 2.0632294e-09 | DG21: 9.4739037e-11 | DH21: 1.4678721e-09 | DI21: 2.4063004e-07 | DJ21: 1.4936242e-08 | DK21: 3.1870383e-09 | DL21: 4.8526332e-10 | DM21: 3.6159657e-10 | DN21: 7.8871176e-10 | DO21: 4.6581364e-11 | DP21: 3.4215969e-09 | DQ21: 1.1093018e-09 | DR21: 2.2186225e-09 | DS21: 9.4787905e-08 | DT21: 1.2166971e-11 | DU21: 9.7269309e-11 | DV21: 7.8330959e-09 | DW21: 9.4015109e-11 | DX21: 7.8871176e-10 | DY21: 1.6722387e-09 | DZ21: 4.2398246e-08 | EA21: 5.9842267e-11 | EB21: 2.5603134e-07 | EC21: 1.0043048e-07 | ED21: 6.9662241e-09 | EE21: 5.0476952e-08 | EF21: 9.3241208e-10 | EG21: 1.0434055e-09 | EH21: 1.8434868e-10 | EI21: 3.7414809e-07 | EJ21: 7.1054278e-10 | EK21: 1.7964473e-08 | EL21: 7.6556281e-10 | EM21: 3.6893732e-08 | EN21: 6.2355935e-08 | EO21: 6.2973542e-10 | EP21: 5.5183042e-10 | EQ21: 2.4081988e-10 | ER21: -9.9512554e-09 | ES21: 6.4228872e-10 | ET21: 2.485564e-07 | EU21: 1.1959619e-09 | EV21: 2.9177177e-08 | EW21: 2.4525797e-10 | EX21: 2.5695271e-09 | EY21: 2.3594176e-09 | EZ21: 1.8628219e-10 | FA21: 0 | FB21: 5.4037174e-10 | FC21: 9.3473921e-08 | FD21: 2.4407109e-08 | FE21: 4.5518057e-10 | FF21: 3.0001245e-09 | FG21: 4.2252783e-11 | FH21: 2.8613429e-10 | FI21: 3.3392533e-10 | FJ21: 3.2091696e-10 | FK21: 7.2107947e-11 | FL21: 1.5618503e-11 | FM21: 4.1330851e-10 | FN21: 6.1035576e-09 | FO21: 4.0000717e-10 | FP21: 1.85753e-11 | FQ21: 3.1805508e-11 | FR21: 3.2199569e-11 | FS21: 0 | FT21: 8.6169907e-11 | FU21: 5.4683005e-08 | FV21: 6.9766673e-10 | FW21: 3.6370103e-14 | FX21: 1.3705571e-10 | FY21: 8.2896657e-11 | FZ21: 1.597102e-09 | GA21: 1.4075455e-11 | GB21: 9.1031206e-10 | GC21: 2.6223406e-10 | GD21: 2.0498678e-11 | GE21: 8.9289757e-09 | GF21: 2.5857164e-09 | GG21: 5.2959521e-10 | GH21: 1.4004801e-09 | GI21: 2.6223406e-10 | GJ21: 2.0498678e-11 | GK21: 1.0134132e-08 | GL21: 7.1054278e-11 | GM21: 1.3715068e-08 | GN21: 5.8361444e-09 | GO21: 1.4771429e-09 | GP21: -4.9394644e-09 | GQ21: 3.6810654e-10 | GR21: 2.0601714e-10 | GS21: 1.1710271e-07 | GT21: 3.713788e-08 | GU21: 2.4299232e-09 | GV21: 1.2166971e-10 | GW21: 1.8966616e-10 | GX21: 1.2791038e-09 | GY21: 3.6159657e-10 | GZ21: 1.351972e-10 | HA21: 1.5618503e-11 | HB21: 7.7673673e-10 | HC21: 2.8402418e-08 | HD21: 1.7162335e-09 | HE21: 1.6448405e-12 | HF21: 1.12649e-10 | HG21: 1.4680373e-10 | HH21: 3.4611008e-08 | HI21: 7.7097597e-09 | HJ21: 1.4771429e-09 | HK21: 2.8613429e-10 | HL21: 6.7598601e-11 | HM21: 2.777088e-10 | HN21: 1.4584229e-09 | HO21: 7.7256426e-11 | HP21: 9.2174339e-12 | HQ21: 1.1783534e-11 | HR21: 1.7235907e-09 | HS21: 1.4087226e-10 | HT21: 9.2174339e-12 | HU21: 1.2873641e-11 | HV21: 1.4731545e-10 | HW21: 9.2174339e-12 | HX21: 7.0078289e-12 | HY21: 8.76e-08 | HZ21: 4.88e-08 | IA21: 0.00010507603 | IB21: 5.0839781e-05 | ID21: =IA21*7 -> 0.00073553224 | IE21: =IB21*7 -> 0.00035587847 | IF21: =IC21*7 -> 0 | IG21: 8.93e-10 | IH21: 5.38e-09 | II21: 9.34e-09 | IJ21: 3.79e-09 | IK21: 4.4e-09 | IL21: -1.8066999e-07 | IM21: -8.1212915e-07 | IN21: -1.2363873e-08 | IO21: -9.5467217e-08 | IP21: -1.4542105e-09 | IQ21: -1.1246416e-08 | IR21: 1.3386497e-10 | IS21: 8.0718495e-10 | IT21: 6.7216206e-09 | IU21: 9.7669269e-10 | IV21: 3.9368993e-09 | IW21: 5.2948596e-09 | IX21: 3.1893298e-08 | IY21: 4.7104264e-09 | IZ21: 1.4135087e-09
A22: EF 3.0 Human toxicity, non-cancer metals [CTUh] | B22: 2.5466745e-07 | C22: -2.8216657e-11 | D22: 4.5351443e-10 | E22: 4.33143e-09 | F22: 1.2722094e-08 | G22: -2.2042164e-11 | H22: 3.1560667e-08 | I22: 0 | J22: 2.7353779e-10 | K22: 4.6460242e-10 | L22: 0 | M22: 4.1030669e-10 | N22: 1.2706018e-07 | O22: 0 | P22: 2.7353779e-10 | Q22: 4.7787678e-10 | R22: 3.3528272e-10 | S22: 5.1275821e-08 | T22: 2.2718854e-09 | U22: 2.7353779e-10 | V22: 0 | W22: 8.1910897e-08 | X22: 2.7353779e-10 | Y22: 0 | Z22: 2.8407119e-10 | AA22: 2.7353779e-10 | AB22: 0 | AC22: 2.3184854e-08 | AD22: 7.6343925e-09 | AE22: 1.2618729e-06 | AF22: 1.0941512e-13 | AG22: 2.7353779e-10 | AH22: 0 | AI22: 4.6460242e-10 | AJ22: 5.8392844e-08 | AK22: 3.0979935e-09 | AL22: 3.4888335e-08 | AM22: 2.6307108e-09 | AN22: 0 | AO22: 1.6053629e-10 | AP22: 2.6468941e-07 | AQ22: 1.7787162e-08 | AR22: 2.8933983e-08 | AS22: 4.2215099e-09 | AT22: 1.1622744e-08 | AU22: 1.7422011e-09 | AV22: 8.9895709e-10 | AW22: 3.0356364e-10 | AX22: 2.8946961e-09 | AY22: 2.21e-09 | AZ22: 1.43e-10 | BA22: 3.02e-06 | BB22: 4.98e-09 | BC22: 5.59e-11 | BD22: 1.86e-09 | BE22: 2.5753664e-09 | BF22: 4.1910341e-11 | BG22: 3.4624872e-11 | BH22: 9.1019637e-08 | BI22: 1.3809936e-09 | BJ22: 2.6822618e-10 | BK22: 0 | BL22: 3.5602043e-09 | BM22: 2.7411668e-09 | BN22: 1.0958583e-08 | BO22: 5.5880454e-11 | BP22: 0 | BQ22: 6.4073861e-10 | BR22: 5.6435786e-10 | BS22: 2.4186766e-10 | BT22: 7.89e-08 | BU22: 2.43e-10 | BW22: 2.7e-09 | BX22: 2.02e-09 | BY22: 7.7344049e-08 | BZ22: 2.6822618e-10 | CA22: 0 | CB22: 3.2152942e-09 | CC22: 4.0311276e-10 | CD22: 6.4498041e-10 | CE22: 9.8808382e-08 | CF22: 2.6822618e-10 | CG22: 0 | CH22: 3.5258471e-09 | CI22: 4.8373531e-10 | CJ22: 1.7736961e-09 | CK22: 1.3080735e-10 | CL22: 1.2061202e-08 | CM22: 1.9777659e-08 | CN22: 9.0366473e-11 | CO22: 4.5943136e-09 | CP22: 5.228159e-10 | CQ22: 1.4490688e-09 | CR22: 4.3333339e-08 | CS22: 5.8966022e-09 | CT22: 2.6946207e-10 | CU22: 1.0942487e-09 | CV22: -1.4116206e-09 | CW22: 5.4024285e-07 | CX22: -8.3844214e-08 | CY22: 2.1736989e-08 | CZ22: 6.474851e-09 | DA22: 3.3408692e-07 | DB22: 5.9246751e-10 | DC22: 3.0140079e-11 | DD22: 2.5334751e-09 | DE22: 6.5332324e-14 | DF22: 7.0938868e-09 | DG22: 6.4498041e-10 | DH22: 3.3890995e-10 | DI22: 1.4030974e-06 | DJ22: 3.4485574e-09 | DK22: 1.9419538e-08 | DL22: 1.1792231e-09 | DM22: 3.9310681e-08 | DN22: 1.4166331e-09 | DO22: 1.776503e-10 | DP22: 1.1764286e-08 | DQ22: 2.5612138e-10 | DR22: 1.4631067e-08 | DS22: 6.768771e-07 | DT22: 3.4854394e-10 | DU22: 2.3637108e-10 | DV22: 5.1656624e-08 | DW22: 1.0220777e-08 | DX22: 1.4166331e-09 | DY22: 5.7495652e-09 | DZ22: 5.1406238e-09 | EA22: 7.2556441e-12 | EB22: 1.4855185e-06 | EC22: 6.158576e-07 | ED22: 4.2474816e-08 | EE22: 6.1201358e-09 | EF22: 2.2662034e-09 | EG22: 8.0373217e-08 | EH22: 8.3820681e-10 | EI22: 9.2814827e-07 | EJ22: 4.8373531e-09 | EK22: 4.3662185e-08 | EL22: -8.2534267e-11 | EM22: 8.5182168e-09 | EN22: 3.8487155e-07 | EO22: 6.4028514e-10 | EP22: 1.3409857e-09 | EQ22: 2.618054e-08 | ER22: -1.6796336e-08 | ES22: 2.2083455e-09 | ET22: 1.5800693e-06 | EU22: 8.3734869e-09 | EV22: 6.7365784e-09 | EW22: 5.9599365e-10 | EX22: 1.6945164e-08 | EY22: 2.565022e-07 | EZ22: 3.5510582e-10 | FA22: 0 | FB22: 1.85793e-09 | FC22: 5.2807165e-07 | FD22: 1.6291987e-07 | FE22: 3.2504285e-09 | FF22: 6.9268437e-10 | FG22: 1.2195407e-09 | FH22: 6.9532592e-10 | FI22: 2.2021249e-09 | FJ22: 3.488823e-08 | FK22: 1.2951547e-10 | FL22: 2.2248192e-09 | FM22: 1.4210556e-09 | FN22: 4.3585291e-08 | FO22: 2.8564371e-09 | FP22: 4.5475735e-11 | FQ22: 3.4398661e-09 | FR22: 1.4640679e-10 | FS22: 0 | FT22: 2.9627319e-10 | FU22: 1.2724272e-07 | FV22: 1.6108093e-10 | FW22: 6.5332324e-14 | FX22: 4.7123102e-10 | FY22: 5.6435786e-10 | FZ22: 9.7378457e-09 | GA22: 9.9191769e-11 | GB22: 1.5998056e-09 | GC22: 3.5321053e-09 | GD22: 3.6591864e-11 | GE22: 2.2289603e-08 | GF22: 1.5765762e-08 | GG22: 7.6890211e-11 | GH22: 2.4612394e-09 | GI22: 3.5321053e-09 | GJ22: 3.6591864e-11 | GK22: 2.5279232e-08 | GL22: 4.8373531e-10 | GM22: 8.5245374e-08 | GN22: 3.0327312e-08 | GO22: 3.4105043e-10 | GP22: -8.3946215e-09 | GQ22: 1.2656402e-09 | GR22: 4.7566309e-11 | GS22: 5.5666833e-07 | GT22: 2.2575646e-07 | GU22: 5.6103331e-10 | GV22: 3.4854394e-09 | GW22: 4.6090176e-10 | GX22: 8.435258e-09 | GY22: 3.9310681e-08 | GZ22: 2.4283331e-10 | HA22: 2.2248192e-09 | HB22: 2.6706106e-09 | HC22: 1.7653392e-07 | HD22: 3.9625292e-10 | HE22: 4.7474979e-11 | HF22: 2.0233254e-10 | HG22: 5.0474707e-10 | HH22: 1.8184145e-07 | HI22: 4.5956884e-08 | HJ22: 3.4105043e-10 | HK22: 6.9532592e-10 | HL22: 1.2141665e-10 | HM22: 9.548307e-10 | HN22: 9.0647606e-09 | HO22: 1.7837366e-11 | HP22: 4.1910341e-11 | HQ22: 4.051467e-11 | HR22: 1.0712899e-08 | HS22: 3.8037123e-11 | HT22: 4.1910341e-11 | HU22: 4.4262723e-11 | HV22: 9.1563238e-10 | HW22: 4.1910341e-11 | HX22: 2.4094627e-11 | HY22: 2.44e-07 | HZ22: 1.68e-07 | IA22: 0.00038677998 | IB22: 0 | ID22: =IA22*7 -> 0.0027074599 | IE22: =IB22*7 -> 0 | IF22: =IC22*7 -> 0 | IG22: 2.06e-08 | IH22: 1.24e-07 | II22: 3.4e-05 | IJ22: 7.43e-08 | IK22: 8.11e-09 | IL22: -5.0340351e-06 | IM22: -5.7231162e-06 | IN22: -8.9111872e-08 | IO22: -1.0639849e-06 | IP22: 3.4708858e-09 | IQ22: -1.0349361e-08 | IR22: 3.0846466e-09 | IS22: 1.8597309e-08 | IT22: 2.4473132e-05 | IU22: 1.9166595e-08 | IV22: 7.2615275e-09 | IW22: 3.3352406e-09 | IX22: 2.008964e-08 | IY22: 3.3639361e-09 | IZ22: 3.692252e-09
A23: EF 3.0 Human toxicity, non-cancer organics [CTUh] | B23: 1.6152886e-09 | C23: 7.5368296e-11 | D23: 4.1211239e-12 | E23: 2.3854251e-10 | F23: 2.2384336e-10 | G23: 6.9424999e-11 | H23: 4.7992899e-10 | I23: 0 | J23: 2.1878619e-10 | K23: 4.2218814e-12 | L23: 0 | M23: 3.2817929e-10 | N23: 1.9321476e-09 | O23: 0 | P23: 2.1878619e-10 | Q23: 4.3425065e-12 | R23: 1.5935322e-10 | S23: 1.7278055e-09 | T23: 2.0644814e-11 | U23: 2.1878619e-10 | V23: 0 | W23: 1.2455825e-09 | X23: 2.1878619e-10 | Y23: 0 | Z23: 2.5813789e-12 | AA23: 2.1878619e-10 | AB23: 0 | AC23: 3.5256173e-10 | AD23: 4.2005633e-10 | AE23: 3.6612987e-08 | AF23: 8.7514478e-14 | AG23: 2.1878619e-10 | AH23: 0 | AI23: 4.2218814e-12 | AJ23: 1.001342e-09 | AK23: 5.3125531e-11 | AL23: 9.7847247e-10 | AM23: 7.378048e-11 | AN23: 0 | AO23: 8.8329601e-12 | AP23: 2.9114517e-09 | AQ23: 1.6739323e-10 | AR23: 3.3009645e-10 | AS23: 2.3227414e-10 | AT23: 1.0903474e-10 | AU23: 1.4143023e-11 | AV23: 8.5127105e-12 | AW23: 2.3522794e-11 | AX23: 2.6304348e-11 | AY23: 2.52e-11 | AZ23: 7.85e-12 | BA23: 1.19e-12 | BB23: 8.99e-11 | BC23: 2.66e-11 | BD23: 1.69e-11 | BE23: 2.5164939e-11 | BF23: 1.9919153e-11 | BG23: 3.1463913e-13 | BH23: 5.8317283e-10 | BI23: 1.3494243e-11 | BJ23: 1.2748258e-10 | BK23: 0 | BL23: 3.2351876e-11 | BM23: 3.1005377e-11 | BN23: 7.0212848e-11 | BO23: 2.655887e-11 | BP23: 0 | BQ23: 5.8224457e-12 | BR23: 6.38346e-12 | BS23: 2.7357686e-12 | BT23: 5.05e-10 | BU23: 1.16e-10 | BW23: 2.45e-11 | BX23: 2.28e-11 | BY23: 4.9555184e-10 | BZ23: 1.2748258e-10 | CA23: 0 | CB23: 2.9217649e-11 | CC23: 4.5596143e-12 | CD23: 7.2953828e-12 | CE23: 6.3307618e-10 | CF23: 1.2748258e-10 | CG23: 0 | CH23: 3.203967e-11 | CI23: 5.4715371e-12 | CJ23: 2.0062303e-11 | CK23: 7.1972268e-12 | CL23: 1.4490258e-10 | CM23: 2.2563555e-10 | CN23: 4.972106e-12 | CO23: 1.5481137e-10 | CP23: 4.2473144e-12 | CQ23: 9.2843436e-12 | CR23: 4.2342745e-10 | CS23: 1.7108873e-10 | CT23: 2.0879464e-11 | CU23: 9.9435298e-12 | CV23: 1.1347268e-10 | CW23: 6.0746582e-09 | CX23: 5.7238175e-09 | CY23: 2.5190092e-09 | CZ23: 5.8837517e-11 | DA23: 3.8197981e-09 | DB23: 3.2598497e-11 | DC23: 2.4467429e-13 | DD23: 7.3508271e-11 | DE23: 5.0615195e-15 | DF23: 6.4462747e-11 | DG23: 7.2953828e-12 | DH23: 1.864736e-11 | DI23: 1.6346228e-08 | DJ23: 1.8974507e-10 | DK23: 2.2787152e-10 | DL23: 1.1166701e-11 | DM23: 1.1405915e-09 | DN23: 1.0977414e-10 | DO23: 2.289792e-12 | DP23: 1.0690306e-10 | DQ23: 1.4092203e-11 | DR23: 1.4296603e-10 | DS23: 6.3498878e-09 | DT23: 2.8315429e-12 | DU23: 2.2383255e-12 | DV23: 5.0475762e-10 | DW23: 2.9655379e-10 | DX23: 1.0977414e-10 | DY23: 5.2246784e-11 | DZ23: 4.9114925e-10 | EA23: 6.9322407e-13 | EB23: 1.6587243e-08 | EC23: 6.5447353e-09 | ED23: 4.8472479e-10 | EE23: 5.847345e-10 | EF23: 2.1528174e-11 | EG23: 2.3185458e-09 | EH23: 3.9838305e-10 | EI23: 1.4113937e-08 | EJ23: 5.4715371e-11 | EK23: 4.1477616e-10 | EL23: 6.6344912e-12 | EM23: 4.6868573e-10 | EN23: 4.2206225e-09 | EO23: 5.9476781e-12 | EP23: 1.2698518e-11 | EQ23: 7.5962311e-10 | ER23: 1.1316965e-09 | ES23: 2.0067422e-11 | ET23: 1.6790805e-08 | EU23: 8.0237839e-11 | EV23: 3.7065718e-10 | EW23: 5.643786e-12 | EX23: 1.6557801e-10 | EY23: 7.4423596e-09 | EZ23: 1.9189047e-11 | FA23: 0 | FB23: 1.6883167e-11 | FC23: 6.3619541e-09 | FD23: 1.6432069e-09 | FE23: 3.0492767e-11 | FF23: 3.8112587e-11 | FG23: 9.9001158e-12 | FH23: 6.584417e-12 | FI23: 2.1517846e-11 | FJ23: 1.012275e-09 | FK23: 1.0035923e-11 | FL23: 6.1933069e-13 | FM23: 1.2913252e-11 | FN23: 4.0888029e-10 | FO23: 2.6796674e-11 | FP23: 4.1082607e-13 | FQ23: 9.9806899e-11 | FR23: 6.958424e-11 | FS23: 0 | FT23: 2.6922594e-12 | FU23: 1.687679e-09 | FV23: 8.8629268e-12 | FW23: 5.0615195e-15 | FX23: 4.282116e-12 | FY23: 6.38346e-12 | FZ23: 1.1112583e-10 | GA23: 9.3211163e-13 | GB23: 5.3907531e-11 | GC23: 2.2630587e-11 | GD23: 3.0692749e-12 | GE23: 3.3588249e-10 | GF23: 1.7991968e-10 | GG23: 6.3595691e-12 | GH23: 8.2934663e-11 | GI23: 2.2630587e-11 | GJ23: 3.0692749e-12 | GK23: 3.8134445e-10 | GL23: 5.4715371e-12 | GM23: 9.7253099e-10 | GN23: 3.8667973e-10 | GO23: 1.8765133e-11 | GP23: 5.8011089e-10 | GQ23: 1.1500979e-11 | GR23: 2.6171734e-12 | GS23: 8.0454608e-09 | GT23: 2.5811968e-09 | GU23: 3.0868938e-11 | GV23: 2.8315429e-11 | GW23: 4.3645278e-12 | GX23: 8.2424293e-11 | GY23: 1.1405915e-09 | GZ23: 1.8817369e-11 | HA23: 6.1933069e-13 | HB23: 2.4268064e-11 | HC23: 2.0140062e-09 | HD23: 2.1802461e-11 | HE23: 3.8539736e-13 | HF23: 1.5677991e-11 | HG23: 4.5866792e-12 | HH23: 2.3654973e-09 | HI23: 5.4037116e-10 | HJ23: 1.8765133e-11 | HK23: 6.584417e-12 | HL23: 9.4086847e-12 | HM23: 8.676627e-12 | HN23: 1.0341629e-10 | HO23: 9.8144001e-13 | HP23: 1.9919153e-11 | HQ23: 3.6816022e-13 | HR23: 1.2221925e-10 | HS23: 1.8756715e-12 | HT23: 1.9919153e-11 | HU23: 4.0221909e-13 | HV23: 1.044609e-11 | HW23: 1.9919153e-11 | HX23: 2.1894991e-13 | HY23: 1.23e-08 | HZ23: 1.53e-09 | IA23: 4.7310222e-06 | IB23: 1.1505686e-06 | ID23: =IA23*7 -> 3.3117156e-05 | IE23: =IB23*7 -> 8.0539799e-06 | IF23: =IC23*7 -> 0 | IG23: 1.78e-11 | IH23: 1.07e-10 | II23: 5.46e-10 | IJ23: 1.83e-09 | IK23: 3.87e-09 | IL23: -4.2851181e-09 | IM23: -5.53741e-08 | IN23: -6.3900729e-10 | IO23: -2.5983314e-08 | IP23: -8.3388338e-11 | IQ23: -2.5895964e-10 | IR23: 2.6715979e-12 | IS23: 1.6110868e-11 | IT23: 3.9278941e-10 | IU23: 4.7102327e-10 | IV23: 3.4661137e-09 | IW23: 4.4384753e-10 | IX23: 2.6734914e-09 | IY23: 3.8233509e-10 | IZ23: 7.9052671e-11
A24: EF 3.0 Ionising radiation, human health [kBq U235 eq.] | B24: 0.55817581 | C24: -0.042586681 | D24: 0.00018742391 | E24: 0.033808558 | F24: 0.078957004 | G24: -0.036606283 | H24: 0.0080684906 | I24: 38.912214 | J24: 0.11236897 | K24: 0.00019200625 | L24: 45.662616 | M24: 0.16855346 | N24: 0.032482961 | O24: 26.380955 | P24: 0.11236897 | Q24: 0.00019749214 | R24: 0.17217295 | S24: 0 | T24: 0.00093890209 | U24: 0.11236897 | V24: 10.173514 | W24: 0.020940537 | X24: 0.11236897 | Y24: 5.9622579 | Z24: 0.0001173981 | AA24: 0.11236897 | AB24: 0.56934977 | AC24: 0.0059272124 | AD24: 0.12620079 | AE24: 2.3816084 | AF24: 4.4947588e-05 | AG24: 0.11236897 | AH24: 77.824429 | AI24: 0.00019200625 | AJ24: 69.54669 | AK24: 3.6897533 | AL24: 0.033439462 | AM24: 0.0025214604 | AN24: 0.00030149498 | AO24: 0.002653755 | AP24: 4.5218295 | AQ24: 0.2407567 | AR24: 0.44731319 | AS24: 0.069783929 | AT24: 0.15769769 | AU24: 0.010801559 | AV24: 0.0048366174 | AW24: -0.014545409 | AX24: 0.0011962911 | AY24: 0.034 | AZ24: 0.00236 | BA24: 0.000991 | BB24: 0.14 | BC24: 0.0256 | BD24: 0.00077 | BE24: 0.060189244 | BF24: 0.019198035 | BG24: 1.4309421e-05 | BH24: 0.1592745 | BI24: 0.032275391 | BJ24: 0.12286742 | BK24: 0.13554309 | BL24: 0.0014713257 | BM24: 0.010151246 | BN24: 0.019176332 | BO24: 0.02559738 | BP24: 0.080437048 | BQ24: 0.00026479805 | BR24: 0.0020899624 | BS24: 0.00089569816 | BT24: 0.138 | BU24: 0.111 | BV24: 0.176 | BW24: 0.00112 | BX24: 0.00746 | BY24: 0.1353437 | BZ24: 0.12286742 | CA24: 0.32663663 | CB24: 0.0013287846 | CC24: 0.0014928303 | CD24: 0.0023885284 | CE24: 0.17290395 | CF24: 0.12286742 | CG24: 0.31774856 | CH24: 0.0014571269 | CI24: 0.0017913963 | CJ24: 0.0065684532 | CK24: 0.0021623189 | CL24: 0.23029144 | CM24: 0.30575838 | CN24: 0.0014938085 | CO24: 0 | CP24: 0.0033159971 | CQ24: 0.0025357134 | CR24: 1.0127494 | CS24: 0.011129011 | CT24: -0.012909677 | CU24: 0.00045222015 | CV24: 0.015051899 | CW24: 6.5310646 | CX24: -3.3351256 | CY24: 0.39348768 | CZ24: 0.0026758617 | DA24: 5.1509977 | DB24: 0.0097938205 | DC24: 0.00018686697 | DD24: 0.0047815797 | DE24: -3.1278091e-06 | DF24: 0.0029316906 | DG24: 0.0023885284 | DH24: 0.0056023717 | DI24: 25.760041 | DJ24: 0.05700659 | DK24: 0.30488007 | DL24: 0.0063445197 | DM24: 0.074193408 | DN24: -0.067877454 | DO24: 0.0046919774 | DP24: 0.0048618265 | DQ24: 0.0042338303 | DR24: 0.34194469 | DS24: 9.3360505 | DT24: 0.0022106647 | DU24: 0.0012717364 | DV24: 1.2072741 | DW24: 0.019290286 | DX24: -0.067877454 | DY24: 0.0023761229 | DZ24: -0.00086767926 | EA24: -1.2246708e-06 | EB24: 20.90598 | EC24: 8.5892405 | ED24: 0.60376513 | EE24: -0.0010330098 | EF24: 0.0094467555 | EG24: 0.087033222 | EH24: 0.43043236 | EI24: 0.23728129 | EJ24: 0.017913963 | EK24: 0.18200749 | EL24: 0.00088005053 | EM24: 0.14081091 | EN24: 6.479975 | EO24: 0.0022994337 | EP24: 0.0072148437 | EQ24: 0.049412105 | ER24: -0.69043763 | ES24: 0.00091264296 | ET24: 25.4673 | EU24: 0.32990933 | EV24: 0.11135942 | EW24: 0.0032065972 | EX24: 0.39602778 | EY24: 0.48411199 | EZ24: -0.012581935 | FA24: 0.00088880716 | FB24: 0.00076782676 | FC24: 10.001093 | FD24: 2.4529405 | FE24: 0.044101896 | FF24: 0.011450462 | FG24: 0.0075610913 | FH24: 0.00374103 | FI24: 0.051466165 | FJ24: 0.06584665 | FK24: -0.0062058755 | FL24: 0.00091945162 | FM24: 0.00058727966 | FN24: 0.59136634 | FO24: 0.038756212 | FP24: 0.0001714533 | FQ24: 0.0065800409 | FR24: 0.044201073 | FS24: 0.080437048 | FT24: 0.00012244082 | FU24: 1.5729738 | FV24: 0.0026627581 | FW24: -3.1278091e-06 | FX24: 0.00019474565 | FY24: 0.0020899624 | FZ24: 0.13841993 | GA24: 0.0012791326 | GB24: 0 | GC24: 0.0061808013 | GD24: -0.0017072629 | GE24: 0.0057773014 | GF24: 0.22410496 | GG24: 0.0001132066 | GH24: 0 | GI24: 0.0061808013 | GJ24: -0.0017072629 | GK24: 0.0065416007 | GL24: 0.0017913963 | GM24: 1.3178752 | GN24: 0.82506289 | GO24: 0.0056377551 | GP24: -0.34536426 | GQ24: 0.00052305114 | GR24: 0.00078629779 | GS24: 13.12717 | GT24: 3.4807439 | GU24: 0.0092741957 | GV24: 0.022106647 | GW24: 0.0024797685 | GX24: 0.19714158 | GY24: 0.074193408 | GZ24: -0.011634631 | HA24: 0.00091945162 | HB24: 0.0011036833 | HC24: 2.7291767 | HD24: 0.0065502832 | HE24: 0.00029434248 | HF24: -0.0096952753 | HG24: 0.00020859683 | HH24: 3.8989032 | HI24: 0.71953204 | HJ24: 0.0056377551 | HK24: 0.00374103 | HL24: -0.0058173156 | HM24: 0.00039460289 | HN24: 0.14013926 | HO24: 0.00029486167 | HP24: 0.019198035 | HQ24: 1.6743498e-05 | HR24: 0.16561912 | HS24: 0.00062938948 | HT24: 0.019198035 | HU24: 1.8292456e-05 | HV24: 0.014155481 | HW24: 0.019198035 | HX24: 9.9575868e-06 | HY24: -6.26 | HZ24: 0.0694 | IA24: 98.880378 | IB24: 0 | IC24: 5.13 | ID24: =IA24*7 -> 692.16265 | IE24: =IB24*7 -> 0 | IF24: =IC24*7 -> 35.91 | IG24: 0.00255 | IH24: 0.0155 | II24: 0.0981 | IJ24: 0.0372 | IK24: 0.00406 | IL24: -1.9395425 | IM24: -75.810266 | IN24: -72.153322 | IO24: -4.0889893 | IP24: -0.23856738 | IQ24: -2.0124483 | IR24: 0.00038222801 | IS24: 0.0023238722 | IT24: 0.070605148 | IU24: 0.0095868257 | IV24: 0.0036363949 | IW24: 0.34568979 | IX24: 2.0822436 | IY24: 0.3298914 | IZ24: 0.17041224
A25: EF 3.0 Land Use [Pt] | B25: 24.638645 | C25: -0.045693774 | D25: 0.24195421 | E25: 1.1570116 | F25: 1.0867078 | G25: 0.7027931 | H25: 0.14756566 | I25: 1749.4682 | J25: 66.906881 | K25: 0.24786976 | L25: 237.73774 | M25: 100.36032 | N25: 0.59408502 | O25: 1135.2538 | P25: 66.906881 | Q25: 0.25495175 | R25: 74.39175 | S25: 0 | T25: 1.2120722 | U25: 66.906881 | V25: 34.542315 | W25: 0.38298415 | X25: 66.906881 | Y25: 268.91743 | Z25: 0.15155465 | AA25: 66.906881 | AB25: 56.10961 | AC25: 0.10840354 | AD25: 2.0492864 | AE25: 1.1318698 | AF25: 0.026762752 | AG25: 66.906881 | AH25: 3498.9365 | AI25: 0.24786976 | AJ25: 78.164999 | AK25: 4.146992 | AL25: 0.38996582 | AM25: 0.02940488 | AN25: 2.9230716 | AO25: 0.043092471 | AP25: 53.836863 | AQ25: 2.4084909 | AR25: 3.155301 | AS25: 1.1331724 | AT25: 1.5758314 | AU25: 0.0088151856 | AV25: 0.25941795 | AW25: 23.100616 | AX25: 1.5443476 | AY25: 0.24 | AZ25: 0.0383 | BA25: 0.00681 | BB25: 0.916 | BC25: 20.9 | BD25: 0.994 | BE25: 0.26089084 | BF25: 15.67625 | BG25: 0.018472695 | BH25: 3.2114745 | BI25: 0.13989799 | BJ25: 100.328 | BK25: 838.18311 | BL25: 1.8994025 | BM25: 0.15695697 | BN25: 0.38665514 | BO25: 20.901667 | BP25: 497.41359 | BQ25: 0.34184007 | BR25: 0.03231467 | BS25: 0.013849144 | BT25: 2.78 | BU25: 90.9 | BV25: 1090 | BW25: 1.44 | BX25: 0.115 | BY25: 2.7289545 | BZ25: 100.328 | CA25: 2019.8839 | CB25: 1.7153897 | CC25: 0.023081907 | CD25: 0.036931051 | CE25: 3.4862873 | CF25: 100.328 | CG25: 1964.9211 | CH25: 1.8810726 | CI25: 0.027698288 | CJ25: 0.10156039 | CK25: 0.035112384 | CL25: 2.6599609 | CM25: 2.156788 | CN25: 0.024256912 | CO25: 0 | CP25: 0.0027187447 | CQ25: 0.051127953 | CR25: 4.389772 | CS25: 0.0052891114 | CT25: 20.50421 | CU25: 0.58379195 | CV25: -0.015217906 | CW25: 1205.2356 | CX25: -6288.963 | CY25: 0.44224914 | CZ25: 3.4543939 | DA25: 36.400522 | DB25: 0.159035 | DC25: 0.00015250271 | DD25: 0.0022724667 | DE25: 0.004969866 | DF25: 3.7846553 | DG25: 0.036931051 | DH25: 0.090972995 | DI25: 298.37678 | DJ25: 0.92569012 | DK25: 2.0319741 | DL25: 0.34029616 | DM25: 0.035260743 | DN25: 107.80341 | DO25: 0.019601774 | DP25: 6.2763572 | DQ25: 0.068750207 | DR25: 1.4821625 | DS25: 111.70918 | DT25: 0.0018124965 | DU25: 0.068211156 | DV25: 5.232941 | DW25: 0.0091677931 | DX25: 107.80341 | DY25: 3.0674471 | DZ25: 4.0569879 | EA25: 0.005726165 | EB25: 361.32025 | EC25: 150.44106 | ED25: 5.5064752 | EE25: 4.8300202 | EF25: 0.69897252 | EG25: 1.3957588 | EH25: 185.97937 | EI25: 4.3396677 | EJ25: 0.27698288 | EK25: 13.466871 | EL25: -0.0008897566 | EM25: 2.2865298 | EN25: 68.935829 | EO25: 0.15850916 | EP25: 0.38697706 | EQ25: 0.02348332 | ER25: -1238.3836 | ES25: 1.1781731 | ET25: 264.45779 | EU25: 29.066239 | EV25: 1.8082878 | EW25: 0.1719898 | EX25: 1.7165861 | EY25: 0.23007635 | EZ25: 18.243005 | FA25: 5.4962827 | FB25: 0.99122314 | FC25: 101.4542 | FD25: 25.983011 | FE25: 0.44069861 | FF25: 0.18593603 | FG25: 0.00617063 | FH25: 0.20065477 | FI25: 0.22308058 | FJ25: 0.031293909 | FK25: 9.8558381 | FL25: 0.12699012 | FM25: 0.75814653 | FN25: 5.9093678 | FO25: 0.3872806 | FP25: 0.014537274 | FQ25: 0.0031718689 | FR25: 117.51481 | FS25: 497.41359 | FT25: 0.15806453 | FU25: 12.962867 | FV25: 0.043238666 | FW25: 0.004969866 | FX25: 0.25140618 | FY25: 0.03231467 | FZ25: 1.262401 | GA25: 0.014554743 | GB25: 0 | GC25: 0.12462438 | GD25: 2.9707374 | GE25: 0.36913835 | GF25: 2.0438882 | GG25: 0.056243952 | GH25: 0 | GI25: 0.12462438 | GJ25: 2.9707374 | GK25: 0.38311671 | GL25: 0.027698288 | GM25: 9.2961558 | GN25: 4.4064981 | GO25: 0.091547561 | GP25: -623.05144 | GQ25: 0.67523095 | GR25: 0.01276814 | GS25: 120.58349 | GT25: 24.59735 | GU25: 0.15059717 | GV25: 0.018124965 | GW25: 0.13300545 | GX25: 0.85451204 | GY25: 0.035260743 | GZ25: 18.479283 | HA25: 0.12699012 | HB25: 1.4247959 | HC25: 19.25133 | HD25: 0.10636547 | HE25: 0.00024021381 | HF25: 15.396813 | HG25: 0.26928731 | HH25: 52.138261 | HI25: 4.8049524 | HJ25: 0.091547561 | HK25: 0.20065477 | HL25: 9.2396417 | HM25: 0.50941116 | HN25: 0.98852785 | HO25: 0.0047880524 | HP25: 15.67625 | HQ25: 0.021614957 | HR25: 1.1682602 | HS25: 0.010019358 | HT25: 15.67625 | HU25: 0.023614579 | HV25: 0.099851298 | HW25: 15.67625 | HX25: 0.01285471 | HY25: 11000 | HZ25: 89.6 | IA25: 1808.4359 | IB25: 0 | IC25: 163 | ID25: =IA25*7 -> 12659.051 | IE25: =IB25*7 -> 0 | IF25: =IC25*7 -> 1141 | IG25: 0.467 | IH25: 2.82 | II25: 7.46 | IJ25: 1.52 | IK25: 0.166 | IL25: -128.8702 | IM25: -744.98149 | IN25: -2475.3845 | IO25: -576.26415 | IP25: -2.9775219 | IQ25: -24.816704 | IR25: 0.070073479 | IS25: 0.42271728 | IT25: 5.3654372 | IU25: 0.39150525 | IV25: 0.14850287 | IW25: 4.6517188 | IX25: 28.019375 | IY25: 4.4216479 | IZ25: 2.221119
A26: EF 3.0 Ozone depletion [kg CFC-11 eq.] | B26: 1.0907495e-07 | C26: -2.9444901e-16 | D26: 1.0434184e-17 | E26: 1.6843149e-15 | F26: 4.6305935e-15 | G26: 6.9005446e-10 | H26: 4.2482113e-16 | I26: 3.7266e-05 | J26: 6.2104925e-08 | K26: 1.068929e-17 | L26: 1.066365e-05 | M26: 9.3157387e-08 | N26: 1.7102887e-15 | O26: 2.23753e-07 | P26: 6.2104925e-08 | Q26: 1.0994698e-17 | R26: 6.9005472e-08 | S26: 0 | T26: 5.2270156e-17 | U26: 6.2104925e-08 | V26: 1.69782e-06 | W26: 1.1025585e-15 | X26: 6.2104925e-08 | Y26: 5.7563e-06 | Z26: 6.5357371e-18 | AA26: 6.2104925e-08 | AB26: 4.326874e-07 | AC26: 3.1207883e-16 | AD26: 3.1971625e-15 | AE26: 3.758949e-13 | AF26: 2.484197e-11 | AG26: 6.2104925e-08 | AH26: 7.45321e-05 | AI26: 1.068929e-17 | AJ26: 4.8187492e-13 | AK26: 2.5565553e-14 | AL26: 9.4658979e-16 | AM26: 7.1376407e-17 | AN26: 1.686705e-10 | AO26: 6.7230052e-17 | AP26: 2.8032939e-07 | AQ26: 3.8344328e-14 | AR26: 1.001261e-13 | AS26: 1.7679014e-15 | AT26: 2.5125454e-14 | AU26: 9.4385844e-16 | AV26: 2.7463883e-16 | AW26: 2.9120301e-10 | AX26: 6.6599406e-17 | AY26: 7.61e-15 | AZ26: 5.98e-17 | BA26: 3.23e-13 | BB26: 1.54e-08 | BC26: 1.09e-08 | BD26: 4.29e-17 | BE26: 2.0008843e-09 | BF26: 8.1847919e-09 | BG26: 7.9662797e-19 | BH26: 1.9182306e-08 | BI26: 1.0729379e-09 | BJ26: 5.2382668e-08 | BK26: 9.1996235e-08 | BL26: 8.1911013e-17 | BM26: 3.2447726e-10 | BN26: 2.3095115e-09 | BO26: 1.0913056e-08 | BP26: 5.4594487e-08 | BQ26: 1.4741724e-17 | BR26: 6.6804142e-11 | BS26: 2.8630347e-11 | BT26: 1.66e-08 | BU26: 4.75e-08 | BV26: 1.19e-07 | BW26: 6.21e-17 | BX26: 2.39e-10 | BY26: 1.6300189e-08 | BZ26: 5.2382668e-08 | CA26: 2.2169584e-07 | CB26: 7.3975531e-17 | CC26: 4.7717244e-11 | CD26: 7.6347591e-11 | CE26: 2.0823777e-08 | CF26: 5.2382668e-08 | CG26: 2.1566331e-07 | CH26: 8.1120545e-17 | CI26: 5.7260693e-11 | CJ26: 2.0995588e-10 | CK26: 5.4780042e-17 | CL26: 1.423037e-08 | CM26: 6.8440628e-14 | CN26: 3.7844045e-17 | CO26: 0 | CP26: 2.8365023e-16 | CQ26: 3.0538995e-10 | CR26: 3.3667053e-08 | CS26: 1.7565182e-15 | CT26: 2.5877045e-10 | CU26: 2.5175807e-17 | CV26: 2.2858829e-15 | CW26: 5.5883835e-07 | CX26: 7.2042525e-07 | CY26: 2.7263964e-15 | CZ26: 1.4896943e-16 | DA26: 1.1524362e-12 | DB26: 2.4811599e-16 | DC26: 1.6328751e-17 | DD26: 7.5468806e-16 | DE26: 6.313999e-14 | DF26: 1.6321183e-16 | DG26: 7.6347591e-11 | DH26: 1.4193011e-16 | DI26: 1.5425606e-06 | DJ26: 1.4442011e-15 | DK26: 6.8050691e-14 | DL26: 3.6026242e-16 | DM26: 1.1710122e-14 | DN26: 1.3594074e-09 | DO26: 7.9946077e-17 | DP26: 2.7066553e-16 | DQ26: 1.0725957e-16 | DR26: 1.1367343e-08 | DS26: 4.2686846e-07 | DT26: 1.8910015e-16 | DU26: 7.2213322e-17 | DV26: 4.0133679e-08 | DW26: 3.0446316e-15 | DX26: 1.3594074e-09 | DY26: 1.322825e-16 | DZ26: 3.5476862e-15 | EA26: 5.0073199e-18 | EB26: 1.174003e-06 | EC26: 7.3993743e-07 | ED26: 1.4482014e-13 | EE26: 4.2236744e-15 | EF26: 6.6548315e-16 | EG26: 2.3288364e-14 | EH26: 1.7251368e-07 | EI26: 1.2493304e-14 | EJ26: 5.7260693e-10 | EK26: 1.2821642e-14 | EL26: 1.3365041e-16 | EM26: 3.567294e-15 | EN26: 2.106163e-07 | EO26: 4.7919194e-15 | EP26: 4.0968224e-16 | EQ26: 7.7988297e-15 | ER26: 1.3666303e-07 | ES26: 5.0808269e-17 | ET26: 5.9770672e-07 | EU26: 5.9761389e-07 | EV26: 2.8211722e-15 | EW26: 1.8208099e-16 | EX26: 1.3165239e-08 | EY26: 7.6408543e-14 | EZ26: -1.5357797e-18 | FA26: 6.03254e-10 | FB26: 4.2746123e-17 | FC26: 2.9744919e-07 | FD26: 5.5498285e-08 | FE26: 7.02661e-15 | FF26: 2.9008522e-16 | FG26: 6.6070091e-16 | FH26: 2.1242783e-16 | FI26: 1.710901e-09 | FJ26: 1.0392733e-14 | FK26: 1.2420982e-10 | FL26: 5.9363835e-17 | FM26: 3.2694782e-17 | FN26: 9.4220452e-14 | FO26: 6.1748997e-15 | FP26: 2.0063411e-16 | FQ26: 1.0252104e-15 | FR26: 2.4253827e-08 | FS26: 5.4594487e-08 | FT26: 6.8164732e-18 | FU26: 3.3629678e-13 | FV26: 6.7458136e-17 | FW26: 6.313999e-14 | FX26: 1.0841796e-17 | FY26: 6.6804142e-11 | FZ26: 3.3201134e-14 | GA26: 2.1254267e-16 | GB26: 0 | GC26: 7.4438801e-10 | GD26: 8.6256829e-11 | GE26: 3.048109e-16 | GF26: 5.3754201e-14 | GG26: 3.6196906e-15 | GH26: 0 | GI26: 7.4438801e-10 | GJ26: 8.6256829e-11 | GK26: 3.4505269e-16 | GL26: 5.7260693e-11 | GM26: 2.9499178e-13 | GN26: 1.2195601e-13 | GO26: 1.4282651e-16 | GP26: 7.0266246e-08 | GQ26: 2.9119079e-17 | GR26: 1.9920015e-17 | GS26: 2.8043895e-07 | GT26: 7.7874916e-13 | GU26: 2.3495185e-16 | GV26: 1.8910015e-15 | GW26: 1.408093e-16 | GX26: 6.553621e-09 | GY26: 1.1710122e-14 | GZ26: 2.3323843e-10 | HA26: 5.9363835e-17 | HB26: 6.1443783e-17 | HC26: 6.1089597e-13 | HD26: 1.6594443e-16 | HE26: 2.5720142e-17 | HF26: 1.9390532e-10 | HG26: 1.1612913e-17 | HH26: 4.2832028e-07 | HI26: 1.6052576e-13 | HJ26: 1.4282651e-16 | HK26: 2.1242783e-16 | HL26: 1.1661922e-10 | HM26: 2.1968163e-17 | HN26: 3.1368621e-14 | HO26: 7.4700058e-18 | HP26: 8.1847919e-09 | HQ26: 9.3213686e-19 | HR26: 3.7072007e-14 | HS26: 1.1340494e-15 | HT26: 8.1847919e-09 | HU26: 1.0183698e-18 | HV26: 3.1685476e-15 | HW26: 8.1847919e-09 | HX26: 5.5435452e-19 | HY26: 6.9e-07 | HZ26: 3.86e-15 | IA26: 5.206237e-12 | IB26: 0 | IC26: 9.05e-07 | ID26: =IA26*7 -> 3.6443659e-11 | IE26: =IB26*7 -> 0 | IF26: =IC26*7 -> 6.335e-06 | IG26: 6.78e-16 | IH26: 4.09e-15 | II26: 3.46e-14 | IJ26: 3.69e-15 | IK26: 4.04e-16 | IL26: -6.1998251e-13 | IM26: -1.5260369e-12 | IN26: -4.576023e-05 | IO26: -2.6959177e-07 | IP26: -1.301761e-14 | IQ26: -1.0739184e-13 | IR26: 1.0160195e-16 | IS26: 6.1361944e-16 | IT26: 2.4866805e-14 | IU26: 9.5230082e-16 | IV26: 3.6122202e-16 | IW26: 1.8920998e-11 | IX26: 1.139696e-10 | IY26: 1.5832438e-11 | IZ26: 9.4285468e-15
A27: EF 3.0 Particulate matter [Disease incidences] | B27: 6.142824e-07 | C27: 7.5246934e-09 | D27: 1.1748587e-09 | E27: 6.9311012e-08 | F27: 1.7136983e-08 | G27: 7.5960094e-09 | H27: 6.8568119e-08 | I27: 1.48885e-05 | J27: 8.1665379e-08 | K27: 1.2035829e-09 | L27: 1.2018e-05 | M27: 1.2249807e-07 | N27: 2.760486e-07 | O27: 1.0798e-05 | P27: 8.1665379e-08 | Q27: 1.237971e-09 | R27: 8.2378539e-08 | S27: 2.7224874e-07 | T27: 5.8854674e-09 | U27: 8.1665379e-08 | V27: 9.55553e-07 | W27: 1.779581e-07 | X27: 8.1665379e-08 | Y27: 2.22571e-06 | Z27: 7.3590497e-10 | AA27: 8.1665379e-08 | AB27: 2.744684e-07 | AC27: 5.0370983e-08 | AD27: 1.2294384e-07 | AE27: 1.6756013e-07 | AF27: 3.2666151e-11 | AG27: 8.1665379e-08 | AH27: 2.9777e-05 | AI27: 1.2035829e-09 | AJ27: 2.1511259e-07 | AK27: 1.1412655e-08 | AL27: 8.6301882e-08 | AM27: 6.5074844e-09 | AN27: 1.284455e-10 | AO27: 2.5852677e-09 | AP27: 1.3897911e-06 | AQ27: 8.5099923e-08 | AR27: 1.6105808e-07 | AS27: 6.7982966e-08 | AT27: 5.5737021e-08 | AU27: 8.9429304e-10 | AV27: 8.9745532e-09 | AW27: 1.3859913e-09 | AX27: 7.4988992e-09 | AY27: 1.22e-08 | AZ27: 2.3e-09 | BA27: 2.34e-09 | BB27: 8.83e-09 | BC27: 1.28e-08 | BD27: 4.83e-09 | BE27: 3.7075361e-09 | BF27: 9.5976971e-09 | BG27: 8.969799e-11 | BH27: 1.2228571e-07 | BI27: 1.988099e-09 | BJ27: 6.1425262e-08 | BK27: 1.2269662e-06 | BL27: 9.2229416e-09 | BM27: 3.6870074e-09 | BN27: 1.4722956e-08 | BO27: 1.279693e-08 | BP27: 7.2813404e-07 | BQ27: 1.6598752e-09 | BR27: 7.5908975e-10 | BS27: 3.2532418e-10 | BT27: 1.06e-07 | BU27: 5.57e-08 | BV27: 1.59e-06 | BW27: 6.99e-09 | BX27: 2.71e-09 | BY27: 1.0391243e-07 | BZ27: 6.1425262e-08 | CA27: 2.9567874e-06 | CB27: 8.3294294e-09 | CC27: 5.4220696e-10 | CD27: 8.6753114e-10 | CE27: 1.3274996e-07 | CF27: 6.1425262e-08 | CG27: 2.8763306e-06 | CH27: 9.1339371e-09 | CI27: 6.5064836e-10 | CJ27: 2.3857106e-09 | CK27: 2.1065145e-09 | CL27: 6.4729525e-08 | CM27: 1.1009034e-07 | CN27: 1.4552568e-09 | CO27: 2.4393487e-08 | CP27: 2.6800223e-10 | CQ27: 1.9468372e-09 | CR27: 6.2383324e-08 | CS27: 7.8299128e-10 | CT27: 1.2305463e-09 | CU27: 2.8347226e-09 | CV27: 3.3004478e-08 | CW27: 7.4140243e-07 | CX27: 5.0348155e-07 | CY27: 2.9812282e-07 | CZ27: 1.6773524e-08 | DA27: 1.8547522e-06 | DB27: 9.5410646e-09 | DC27: 1.547127e-11 | DD27: 3.364122e-10 | DE27: 2.9873523e-13 | DF27: 1.8377177e-08 | DG27: 8.6753114e-10 | DH27: 5.4577874e-09 | DI27: 7.4554189e-06 | DJ27: 5.5535381e-08 | DK27: 1.1052668e-07 | DL27: 1.1772531e-08 | DM27: 5.2199419e-09 | DN27: 6.4685104e-09 | DO27: 2.0023963e-10 | DP27: 3.047615e-08 | DQ27: 4.1245649e-09 | DR27: 2.1063103e-08 | DS27: 3.3789486e-06 | DT27: 1.7866815e-10 | DU27: 2.3597621e-09 | DV27: 7.4365651e-08 | DW27: 1.3571849e-09 | DX27: 6.4685104e-09 | DY27: 1.4894624e-08 | DZ27: 5.3922385e-07 | EA27: 7.6107812e-10 | EB27: 8.130806e-06 | EC27: 3.3809073e-06 | ED27: 2.4103809e-07 | EE27: 6.4196939e-07 | EF27: 2.2752377e-08 | EG27: 2.1344676e-08 | EH27: 2.0594635e-07 | EI27: 2.0164777e-06 | EJ27: 6.5064836e-09 | EK27: 4.3836246e-07 | EL27: 1.9296973e-09 | EM27: 1.371769e-07 | EN27: 1.9584696e-06 | EO27: 8.8105283e-09 | EP27: 1.3387455e-08 | EQ27: 3.4764317e-09 | ER27: 9.1142789e-08 | ES27: 5.7208631e-09 | ET27: 7.9156987e-06 | EU27: 2.2645139e-07 | EV27: 1.0848549e-07 | EW27: 5.94998e-09 | EX27: 2.4394513e-08 | EY27: 3.4060121e-08 | EZ27: 7.9745522e-10 | FA27: 8.04568e-09 | FB27: 4.813089e-09 | FC27: 2.7339758e-06 | FD27: 8.0745742e-07 | FE27: 1.5587472e-08 | FF27: 1.1154952e-08 | FG27: 6.2600512e-10 | FH27: 6.9416433e-09 | FI27: 3.170212e-09 | FJ27: 4.6326984e-09 | FK27: 5.9129471e-10 | FL27: 1.427236e-10 | FM27: 3.6813373e-09 | FN27: 2.0901383e-07 | FO27: 1.3698081e-08 | FP27: 4.9351364e-10 | FQ27: 4.5641162e-10 | FR27: 2.6643692e-08 | FS27: 7.2813404e-07 | FT27: 7.6751503e-10 | FU27: 5.692283e-07 | FV27: 2.5940385e-09 | FW27: 2.9873523e-13 | FX27: 1.2207547e-09 | FY27: 7.5908975e-10 | FZ27: 5.5258995e-08 | GA27: 4.8212435e-10 | GB27: 8.4941608e-09 | GC27: 4.7454156e-09 | GD27: 2.3470147e-10 | GE27: 4.8635368e-08 | GF27: 8.9468285e-08 | GG27: 7.2019973e-09 | GH27: 1.306794e-08 | GI27: 4.7454156e-09 | GJ27: 2.3470147e-10 | GK27: 5.5130581e-08 | GL27: 6.5064836e-10 | GM27: 4.7450974e-07 | GN27: 1.417132e-07 | GO27: 5.4922577e-09 | GP27: 4.9097247e-08 | GQ27: 3.2787235e-09 | GR27: 7.6600526e-10 | GS27: 2.9753116e-06 | GT27: 1.2533334e-06 | GU27: 9.0348501e-09 | GV27: 1.7866815e-09 | GW27: 4.6013179e-09 | GX27: 1.2143524e-08 | GY27: 5.2199419e-09 | GZ27: 1.1090535e-09 | HA27: 1.427236e-10 | HB27: 6.9183911e-09 | HC27: 9.8265819e-07 | HD27: 6.3812355e-09 | HE27: 2.4369485e-11 | HF27: 9.2356625e-10 | HG27: 1.3075802e-09 | HH27: 1.0564867e-06 | HI27: 2.6086113e-07 | HJ27: 5.4922577e-09 | HK27: 6.9416433e-09 | HL27: 5.5452676e-10 | HM27: 2.4735512e-09 | HN27: 5.0458071e-08 | HO27: 2.8725197e-10 | HP27: 9.5976971e-09 | HQ27: 1.049559e-10 | HR27: 5.9632266e-08 | HS27: 5.4438055e-10 | HT27: 9.5976971e-09 | HU27: 1.1466547e-10 | HV27: 5.0967748e-09 | HW27: 9.5976971e-09 | HX27: 6.2418705e-11 | HY27: 1.23e-06 | HZ27: 4.35e-07 | IA27: 0.00018201094 | IB27: 0.00065830008 | IC27: 3.21e-07 | ID27: =IA27*7 -> 0.0012740766 | IE27: =IB27*7 -> 0.0046081005 | IF27: =IC27*7 -> 2.247e-06 | IG27: 1.54e-08 | IH27: 9.3e-08 | II27: 1.02e-07 | IJ27: 4.49e-08 | IK27: 8.24e-09 | IL27: -4.4531392e-06 | IM27: -2.8142595e-05 | IN27: -2.5070567e-05 | IO27: -5.963891e-07 | IP27: -6.3200998e-09 | IQ27: -8.0528013e-08 | IR27: 2.3140178e-09 | IS27: 1.3951771e-08 | IT27: 7.3639844e-08 | IU27: 1.1591303e-08 | IV27: 7.3749413e-09 | IW27: 4.8656385e-08 | IX27: 2.9307908e-07 | IY27: 4.2570494e-08 | IZ27: 1.0756691e-08
A28: EF 3.0 Photochemical ozone formation, human health [kg NMVOC eq.] | B28: 0.025682737 | C28: 0.00045395431 | D28: 0.00029840815 | E28: 0.0043479724 | F28: 0.0037124256 | G28: 0.00043375616 | H28: 0.027670378 | I28: 1.32799 | J28: 0.0027217101 | K28: 0.00030570394 | L28: 0.6396227 | M28: 0.0040825652 | N28: 0.11139826 | O28: 0.65254859 | P28: 0.0027217101 | Q28: 0.00031443834 | R28: 0.0025197287 | S28: 0.011305813 | T28: 0.0014948788 | U28: 0.0027217101 | V28: 0.10962321 | W28: 0.071814248 | X28: 0.0027217101 | Y28: 0.2009364 | Z28: 0.00018691613 | AA28: 0.0027217101 | AB28: 0.019908688 | AC28: 0.020327 | AD28: 0.007712655 | AE28: 0.018668023 | AF28: 1.088684e-06 | AG28: 0.0027217101 | AH28: 2.65598 | AI28: 0.00030570394 | AJ28: 0.018579497 | AK28: 0.00098572286 | AL28: 0.012007213 | AM28: 0.00090538876 | AN28: 1.123934e-05 | AO28: 0.000162182 | AP28: 0.061601263 | AQ28: 0.0033373262 | AR28: 0.0062573411 | AS28: 0.0042647859 | AT28: 0.0021767401 | AU28: 0.00012927576 | AV28: 0.00026887102 | AW28: 0.0001125708 | AX28: 0.0019046823 | AY28: 0.000477 | AZ28: 0.000144 | BA28: 3.77e-05 | BB28: 0.00104 | BC28: 0.000418 | BD28: 0.00123 | BE28: 0.00037878371 | BF28: 0.00031333156 | BG28: 2.2782834e-05 | BH28: 0.007750063 | BI28: 0.0002031159 | BJ28: 0.002005322 | BK28: 0.0072167188 | BL28: 0.0023425803 | BM28: 0.00048171357 | BN28: 0.00093309216 | BO28: 0.00041777541 | BP28: 0.0042827085 | BQ28: 0.00042159987 | BR28: 9.9176322e-05 | BS28: 4.2504138e-05 | BT28: 0.00672 | BU28: 0.00182 | BV28: 0.00935 | BW28: 0.00178 | BX28: 0.000354 | BY28: 0.0065856257 | BZ28: 0.002005322 | CA28: 0.017391109 | CB28: 0.0021156328 | CC28: 7.084023e-05 | CD28: 0.00011334437 | CE28: 0.0084132524 | CF28: 0.002005322 | CG28: 0.016917882 | CH28: 0.0023199737 | CI28: 8.5008276e-05 | CJ28: 0.00031169701 | CK28: 0.00013214829 | CL28: 0.0030305192 | CM28: 0.0042771699 | CN28: 9.1292847e-05 | CO28: 0.0010130008 | CP28: 3.837637e-05 | CQ28: 0.00012338409 | CR28: 0.0063734477 | CS28: 8.7233754e-05 | CT28: 9.992974e-05 | CU28: 0.00072000514 | CV28: 0.0015821075 | CW28: 0.051519832 | CX28: 0.028379414 | CY28: 0.0080332018 | CZ28: 0.00426039 | DA28: 0.07234 | DB28: 0.00059854107 | DC28: 2.2364707e-06 | DD28: 3.7479982e-05 | DE28: 2.4236754e-08 | DF28: 0.0046677096 | DG28: 0.00011334437 | DH28: 0.00034238422 | DI28: 0.34226378 | DJ28: 0.0034839096 | DK28: 0.0042899456 | DL28: 0.00035269639 | DM28: 0.00058155836 | DN28: 0.0005253474 | DO28: 2.3905051e-05 | DP28: 0.0077407875 | DQ28: 0.00025874696 | DR28: 0.0021519307 | DS28: 0.13459307 | DT28: 2.5584247e-05 | DU28: 7.0696739e-05 | DV28: 0.0075976327 | DW28: 0.00015120517 | DX28: 0.0005253474 | DY28: 0.0037831589 | DZ28: 0.0083268107 | EA28: 1.1752732e-05 | EB28: 0.35738184 | EC28: 0.14598184 | ED28: 0.0093592906 | EE28: 0.0099134296 | EF28: 0.0006852463 | EG28: 0.0015862841 | EH28: 0.0062993217 | EI28: 0.81374117 | EJ28: 0.00085008276 | EK28: 0.013202412 | EL28: 9.2502252e-05 | EM28: 0.0086055396 | EN28: 0.08575436 | EO28: 7.4464962e-05 | EP28: 0.00040107832 | EQ28: 0.00038731234 | ER28: 0.0054627269 | ES28: 0.0014530702 | ET28: 0.33853215 | EU28: 0.012551193 | EV28: 0.0068056372 | EW28: 0.00017825703 | EX28: 0.002492287 | EY28: 0.0037946683 | EZ28: 9.252522e-05 | FA28: 4.7322746e-05 | FB28: 0.0012225002 | FC28: 0.12700042 | FD28: 0.033376604 | FE28: 0.00060874934 | FF28: 0.00069978529 | FG28: 9.0493033e-05 | FH28: 0.00020796654 | FI28: 0.00032388752 | FJ28: 0.00051613304 | FK28: 4.8027168e-05 | FL28: 1.0607155e-05 | FM28: 0.00093504098 | FN28: 0.0081627753 | FO28: 0.00053496155 | FP28: 1.4336386e-05 | FQ28: 5.0412271e-05 | FR28: 0.0010784879 | FS28: 0.0042827085 | FT28: 0.00019494492 | FU28: 0.030052125 | FV28: 0.00016273222 | FW28: 2.4236754e-08 | FX28: 0.0003100655 | FY28: 9.9176322e-05 | FZ28: 0.002145663 | GA28: 1.8819893e-05 | GB28: 0.00035274137 | GC28: 0.00030074871 | GD28: 1.5831979e-05 | GE28: 0.01943252 | GF28: 0.0034739725 | GG28: 0.0001091699 | GH28: 0.00054267903 | GI28: 0.00030074871 | GJ28: 1.5831979e-05 | GK28: 0.022053636 | GL28: 8.5008276e-05 | GM28: 0.018435394 | GN28: 0.0070179646 | GO28: 0.00034454664 | GP28: 0.0028537841 | GQ28: 0.00083277914 | GR28: 4.8053925e-05 | GS28: 0.15480878 | GT28: 0.048883154 | GU28: 0.00056678464 | GV28: 0.00025584247 | GW28: 0.0001378521 | GX28: 0.0012406539 | GY28: 0.00058155836 | GZ28: 9.0060078e-05 | HA28: 1.0607155e-05 | HB28: 0.0017572362 | HC28: 0.038177701 | HD28: 0.00040031503 | HE28: 3.5227645e-06 | HF28: 7.5024041e-05 | HG28: 0.00033211874 | HH28: 0.052518152 | HI28: 0.010163975 | HJ28: 0.00034454664 | HK28: 0.00020796654 | HL28: 4.5030039e-05 | HM28: 0.00062826946 | HN28: 0.0019603695 | HO28: 1.8020222e-05 | HP28: 0.00031333156 | HQ28: 2.6658265e-05 | HR28: 0.0023168003 | HS28: 3.499412e-05 | HT28: 0.00031333156 | HU28: 2.9124448e-05 | HV28: 0.00019801712 | HW28: 0.00031333156 | HX28: 1.5854034e-05 | HY28: 0.074 | HZ28: 0.11 | IA28: 26.005102 | IB28: 313.09891 | IC28: 0.0299 | ID28: =IA28*7 -> 182.03571 | IE28: =IB28*7 -> 2191.6923 | IF28: =IC28*7 -> 0.2093 | IG28: 0.000977 | IH28: 0.00589 | II28: 0.0172 | IJ28: 0.00333 | IK28: 0.00182 | IL28: -0.13516809 | IM28: -1.0952886 | IN28: -1.9722948 | IO28: -0.043544653 | IP28: 0.0015315837 | IQ28: -0.0090669432 | IR28: 0.00014656937 | IS28: 0.00088371238 | IT28: 0.012354041 | IU28: 0.00085806721 | IV28: 0.0016307506 | IW28: 0.0072585629 | IX28: 0.043721558 | IY28: 0.0062289073 | IZ28: 0.001057943
A29: EF 3.0 Resource use, fossils [MJ] | B29: 241.88468 | C29: 3.7908131 | D29: 0.70395155 | E29: 23.498451 | F29: 30.322322 | G29: 3.5072776 | H29: 72.679493 | I29: 3761.461 | J29: 12.389937 | K29: 0.72116249 | L29: 2181.3123 | M29: 18.584905 | N29: 292.60059 | O29: 2726.2132 | P29: 12.389937 | Q29: 0.74176713 | R29: 9.5545819 | S29: 104.10438 | T29: 3.5264528 | U29: 12.389937 | V29: 356.74481 | W29: 188.62854 | X29: 12.389937 | Y29: 571.94033 | Z29: 0.44093935 | AA29: 12.389937 | AB29: 69.646593 | AC29: 53.391249 | AD29: 41.764885 | AE29: 169.11775 | AF29: 0.0049559747 | AG29: 12.389937 | AH29: 7522.9221 | AI29: 0.72116249 | AJ29: 821.03811 | AK29: 43.55963 | AL29: 228.61041 | AM29: 17.238079 | AN29: 0.021023681 | AO29: 0.87823357 | AP29: 383.14046 | AQ29: 20.72983 | AR29: 39.345929 | AS29: 23.09429 | AT29: 13.512862 | AU29: 1.2223516 | AV29: 1.0231503 | AW29: -0.071959344 | AX29: 4.4931885 | AY29: 3 | AZ29: 0.781 | BA29: 0.137 | BB29: 17 | BC29: 1.48 | BD29: 2.89 | BE29: 4.9880228 | BF29: 1.1070851 | BG29: 0.053745219 | BH29: 82.874424 | BI29: 2.6747368 | BJ29: 7.0853446 | BK29: 11.708764 | BL29: 5.5261998 | BM29: 4.2656308 | BN29: 9.9779157 | BO29: 1.4761135 | BP29: 6.9484794 | BQ29: 0.99456359 | BR29: 0.87821811 | BS29: 0.37637919 | BT29: 71.8 | BU29: 6.42 | BV29: 15.2 | BW29: 4.19 | BX29: 3.14 | BY29: 70.422645 | BZ29: 7.0853446 | CA29: 28.216201 | CB29: 4.9908253 | CC29: 0.62729865 | CD29: 1.0036778 | CE29: 89.966166 | CF29: 7.0853446 | CG29: 27.448413 | CH29: 5.4728701 | CI29: 0.75275838 | CJ29: 2.7601141 | CK29: 0.71559772 | CL29: 19.17042 | CM29: 26.894685 | CN29: 0.49436093 | CO29: 9.3277524 | CP29: 0.36844294 | CQ29: 1.3193938 | CR29: 83.928905 | CS29: 0.79026985 | CT29: -0.063802228 | CU29: 1.6985083 | CV29: 10.063521 | CW29: 455.36755 | CX29: -14.549229 | CY29: 69.41414 | CZ29: 10.050356 | DA29: 455.091 | DB29: 3.2411665 | DC29: 0.021146683 | DD29: 0.33953944 | DE29: -1.5374178e-05 | DF29: 11.011232 | DG29: 1.0036778 | DH29: 1.8540486 | DI29: 2155.1872 | DJ29: 18.865758 | DK29: 27.007988 | DL29: 1.3421358 | DM29: 5.2684657 | DN29: -0.33574682 | DO29: 0.44215973 | DP29: 18.260692 | DQ29: 1.4011436 | DR29: 28.337753 | DS29: 815.76469 | DT29: 0.24562863 | DU29: 0.26902635 | DV29: 100.04962 | DW29: 1.3698011 | DX29: -0.33574682 | DY29: 8.9245569 | DZ29: 50.478045 | EA29: 0.071246359 | EB29: 2110.5999 | EC29: 852.81008 | ED29: 57.30407 | EE29: 60.096304 | EF29: 2.559805 | EG29: 11.061481 | EH29: 23.886455 | EI29: 2137.3866 | EJ29: 7.5275838 | EK29: 49.318911 | EL29: 0.58839132 | EM29: 46.599955 | EN29: 542.12429 | EO29: 1.018117 | EP29: 1.5262463 | EQ29: 3.5087481 | ER29: -4.042272 | ES29: 3.4278253 | ET29: 2136.8668 | EU29: 50.294559 | EV29: 36.853283 | EW29: 0.67833171 | EX29: 32.819744 | EY29: 34.376738 | EZ29: 0.056707455 | FA29: 0.076778778 | FB29: 2.8839054 | FC29: 819.69376 | FD29: 208.30226 | FE29: 3.7790206 | FF29: 3.7894152 | FG29: 0.85564615 | FH29: 0.79138699 | FI29: 4.2651209 | FJ29: 4.6757633 | FK29: -0.030705507 | FL29: 0.075061456 | FM29: 2.2057827 | FN29: 50.673231 | FO29: 3.3209575 | FP29: 0.049815357 | FQ29: 0.46301777 | FR29: 3.008999 | FS29: 6.9484794 | FT29: 0.45987946 | FU29: 195.19209 | FV29: 0.88121306 | FW29: -1.5374178e-05 | FX29: 0.7314515 | FY29: 0.87821811 | FZ29: 13.137431 | GA29: 0.11487269 | GB29: 3.2480567 | GC29: 3.2160224 | GD29: -0.0048082676 | GE29: 50.953587 | GF29: 21.27007 | GG29: 0.66203196 | GH29: 4.9970102 | GI29: 3.2160224 | GJ29: -0.0048082676 | GK29: 57.838256 | GL29: 0.75275838 | GM29: 115.92107 | GN29: 49.682235 | GO29: 1.8657584 | GP29: -1.1935201 | GQ29: 1.9645447 | GR29: 0.26021735 | GS29: 1038.4117 | GT29: 307.52396 | GU29: 3.0692019 | GV29: 2.4562863 | GW29: 0.52457652 | GX29: 16.337582 | GY29: 5.2684657 | GZ29: -0.057520482 | HA29: 0.075061456 | HB29: 4.1453598 | HC29: 240.05997 | HD29: 2.1677504 | HE29: 0.033309082 | HF29: -0.047985246 | HG29: 0.78347559 | HH29: 327.30277 | HI29: 64.01903 | HJ29: 1.8657584 | HK29: 0.79138699 | HL29: -0.028760241 | HM29: 1.4821018 | HN29: 12.326731 | HO29: 0.097581508 | HP29: 1.1070851 | HQ29: 0.062887447 | HR29: 14.567955 | HS29: 0.18882017 | HT29: 1.1070851 | HU29: 0.068705228 | HV29: 1.2451243 | HW29: 1.1070851 | HX29: 0.037400023 | HY29: 126 | HZ29: 261 | IA29: 890696.43 | IB29: 0 | IC29: 226 | ID29: =IA29*7 -> 6234875 | IE29: =IB29*7 -> 0 | IF29: =IC29*7 -> 1582 | IG29: 2.31 | IH29: 14 | II29: 32.4 | IJ29: 22.3 | IK29: 2.44 | IL29: -510.29103 | IM29: -6776.8406 | IN29: -6105.1234 | IO29: -395.93301 | IP29: -19.627108 | IQ29: -166.73791 | IR29: 0.34704294 | IS29: 2.0930837 | IT29: 23.319436 | IU29: 5.7568594 | IV29: 2.1836389 | IW29: 53.178043 | IX29: 320.31504 | IY29: 46.734179 | IZ29: 17.072417
A30: EF 3.0 Resource use, mineral and metals [kg Sb eq.] | B30: 0.0018996949 | C30: 1.3341659e-08 | D30: 4.7044364e-09 | E30: 7.2616855e-07 | F30: 1.2448238e-07 | G30: 1.8878903e-08 | H30: 1.7751233e-07 | I30: 0.19582629 | J30: 6.3176851e-07 | K30: 4.8194553e-09 | L30: 0.026921337 | M30: 9.4765276e-07 | N30: 7.1464742e-07 | O30: 0.006322611 | P30: 6.3176851e-07 | Q30: 4.957154e-09 | R30: 6.8714094e-07 | S30: 4.2057579e-07 | T30: 2.3566924e-08 | U30: 6.3176851e-07 | V30: 0.00569657 | W30: 4.6070618e-07 | X30: 6.3176851e-07 | Y30: 0.030458936 | Z30: 2.9467527e-09 | AA30: 6.3176851e-07 | AB30: 0.0015281871 | AC30: 1.3040274e-07 | AD30: 1.2883676e-06 | AE30: 4.4877983e-06 | AF30: 2.527074e-10 | AG30: 6.3176851e-07 | AH30: 0.39165258 | AI30: 4.8194553e-09 | AJ30: 5.7160918e-06 | AK30: 3.0326344e-07 | AL30: 3.9225776e-07 | AM30: 2.9577701e-08 | AN30: 1.0752925e-08 | AO30: 2.7091842e-08 | AP30: 0.00044965992 | AQ30: 3.0191086e-05 | AR30: 4.9627439e-06 | AS30: 7.1241512e-07 | AT30: 1.9791617e-05 | AU30: -1.3993824e-09 | AV30: 1.3583567e-06 | AW30: 4.2758568e-09 | AX30: 3.002752e-08 | AY30: 3.77e-07 | AZ30: 2.41e-08 | BA30: 4.35e-06 | BB30: 3.08e-07 | BC30: 1.39e-07 | BD30: 1.93e-08 | BE30: 1.064515e-07 | BF30: 1.0410435e-07 | BG30: 3.5917381e-10 | BH30: 2.2522068e-05 | BI30: 5.7082691e-08 | BJ30: 6.6626785e-07 | BK30: 2.6201025e-06 | BL30: 3.6931029e-08 | BM30: 3.9272697e-07 | BN30: 2.7116121e-06 | BO30: 1.388058e-07 | BP30: 1.5548805e-06 | BQ30: 6.646567e-09 | BR30: 8.0855553e-08 | BS30: 3.465238e-08 | BT30: 1.95e-05 | BU30: 6.04e-07 | BV30: 3.39e-06 | BW30: 2.8e-08 | BX30: 2.89e-07 | BY30: 1.9138155e-05 | BZ30: 6.6626785e-07 | CA30: 6.3140175e-06 | CB30: 3.3353177e-08 | CC30: 5.7753966e-08 | CD30: 9.2406346e-08 | CE30: 2.4449329e-05 | CF30: 6.6626785e-07 | CG30: 6.1422075e-06 | CH30: 3.6574632e-08 | CI30: 6.9304759e-08 | CJ30: 2.5411745e-07 | CK30: 2.2074835e-08 | CL30: 2.0340175e-05 | CM30: 3.3922553e-06 | CN30: 1.5250098e-08 | CO30: 3.768359e-08 | CP30: -4.1275275e-10 | CQ30: 3.5856028e-07 | CR30: 1.7911623e-06 | CS30: 2.097102e-08 | CT30: 3.7984274e-09 | CU30: 1.1350958e-08 | CV30: 2.121779e-06 | CW30: 7.6699438e-06 | CX30: 1.6276886e-05 | CY30: 6.6971903e-07 | CZ30: 6.7165503e-08 | DA30: 5.7112833e-05 | DB30: 9.9983849e-08 | DC30: -2.4209316e-11 | DD30: 9.0101987e-09 | DE30: 9.2506004e-13 | DF30: 7.358694e-08 | DG30: 9.2406346e-08 | DH30: 5.719389e-08 | DI30: 0.0023714974 | DJ30: 5.8197291e-07 | DK30: -1.5010645e-06 | DL30: 1.7818488e-06 | DM30: 1.398068e-07 | DN30: 1.9958582e-08 | DO30: 7.7752526e-09 | DP30: 1.2203434e-07 | DQ30: 4.3222626e-08 | DR30: 6.0476796e-07 | DS30: 0.0011603842 | DT30: -2.751685e-10 | DU30: 3.5716525e-07 | DV30: 2.1352012e-06 | DW30: 3.6349768e-08 | DX30: 1.9958582e-08 | DY30: 5.9641903e-08 | DZ30: 9.139544e-06 | EA30: 1.289985e-08 | EB30: 0.002433599 | EC30: 0.0010261283 | ED30: 7.2006173e-06 | EE30: 1.0881024e-05 | EF30: 3.3775802e-06 | EG30: 2.9414703e-07 | EH30: 1.7178524e-06 | EI30: 5.2203511e-06 | EJ30: 6.9304759e-07 | EK30: 6.5074712e-05 | EL30: 1.2405563e-07 | EM30: 1.4375204e-06 | EN30: 0.00065042405 | EO30: 0.00013706659 | EP30: 2.0262779e-06 | EQ30: 9.3110001e-08 | ER30: 3.2718787e-06 | ES30: 2.2907807e-08 | ET30: 0.002673147 | EU30: 2.5118205e-05 | EV30: 1.136854e-06 | EW30: 9.0056796e-07 | EX30: 7.0042004e-07 | EY30: 9.1223937e-07 | EZ30: 2.299265e-09 | FA30: 1.7181e-08 | FB30: 1.9272846e-08 | FC30: 0.00088436211 | FD30: 0.00027678297 | FE30: 5.5349436e-06 | FF30: 1.1689628e-07 | FG30: -9.7956769e-10 | FH30: 1.0506626e-06 | FI30: 9.102375e-08 | FJ30: 1.2407853e-07 | FK30: 1.8239787e-09 | FL30: 7.2628082e-08 | FM30: 1.4741021e-08 | FN30: 7.4218562e-05 | FO30: 4.8640414e-06 | FP30: 6.5802072e-08 | FQ30: 1.2241334e-08 | FR30: 5.4287466e-07 | FS30: 1.5548805e-06 | FT30: 3.0733275e-09 | FU30: 1.6453448e-05 | FV30: 2.7183754e-08 | FW30: 9.2506004e-13 | FX30: 4.8882157e-09 | FY30: 8.0855553e-08 | FZ30: 1.6507972e-06 | GA30: 1.6773557e-07 | GB30: 1.3121965e-08 | GC30: 8.7399069e-07 | GD30: 1.0117106e-09 | GE30: 1.2774635e-07 | GF30: 2.6727182e-06 | GG30: 1.1583398e-07 | GH30: 2.0187638e-08 | GI30: 8.7399069e-07 | GJ30: 1.0117106e-09 | GK30: 1.4456146e-07 | GL30: 6.9304759e-08 | GM30: 1.4621249e-05 | GN30: 5.4667795e-06 | GO30: 5.7555114e-08 | GP30: 1.6375066e-06 | GQ30: 1.3128852e-08 | GR30: 8.0272126e-09 | GS30: 0.00091237004 | GT30: 3.8593522e-05 | GU30: 9.4679066e-08 | GV30: -2.751685e-09 | GW30: 6.9643922e-07 | GX30: 3.4866724e-07 | GY30: 1.398068e-07 | GZ30: 3.423354e-09 | HA30: 7.2628082e-08 | HB30: 2.7703017e-08 | HC30: 3.027902e-05 | HD30: 6.6870995e-08 | HE30: -3.8133171e-11 | HF30: 2.8481029e-09 | HG30: 5.2358874e-09 | HH30: 0.00030794895 | HI30: -3.5384431e-06 | HJ30: 5.7555114e-08 | HK30: 1.0506626e-06 | HL30: 1.711677e-09 | HM30: 9.9047351e-09 | HN30: 1.5547837e-06 | HO30: 3.0102047e-09 | HP30: 1.0410435e-07 | HQ30: 4.2027039e-10 | HR30: 1.8374716e-06 | HS30: 3.5462668e-09 | HT30: 1.0410435e-07 | HU30: 4.5915003e-10 | HV30: 1.5704886e-07 | HW30: 1.0410435e-07 | HX30: 2.4994054e-10 | HY30: 8.34e-06 | HZ30: 1.74e-06 | IA30: 0.0021754362 | IB30: 0 | IC30: 0.000115 | ID30: =IA30*7 -> 0.015228053 | IE30: =IB30*7 -> 0 | IF30: =IC30*7 -> 0.000805 | IG30: 1.65e-08 | IH30: 9.95e-08 | II30: 4.94e-07 | IJ30: 1.05e-07 | IK30: 1.15e-08 | IL30: -0.00067277237 | IM30: -0.0082897968 | IN30: -0.23110228 | IO30: 3.7954895e-05 | IP30: -1.7537173e-07 | IQ30: -1.4587719e-06 | IR30: 2.4733764e-09 | IS30: 1.4924925e-08 | IT30: 3.5542525e-07 | IU30: 2.7193886e-08 | IV30: 1.031498e-08 | IW30: 3.8100012e-07 | IX30: 2.2949334e-06 | IY30: 3.4746717e-07 | IZ30: 1.3289384e-07
A31: EF 3.0 Water use [m³ world equiv.] | B31: 2.062114 | C31: 0.011295719 | D31: 0.00049043776 | E31: 0.72769446 | F31: 0.21132225 | G31: 1.3584607 | H31: 0.0070113824 | I31: 131.54428 | J31: 121.35781 | K31: 0.00050242849 | L31: 31009.992 | M31: 182.03671 | N31: 0.028227146 | O31: 66.267171 | P31: 121.35781 | Q31: 0.00051678359 | R31: 134.82946 | S31: 5.1055431 | T31: 0.0024568532 | U31: 121.35781 | V31: 6745.364 | W31: 0.018196974 | X31: 121.35781 | Y31: 20.285574 | Z31: 0.00030719913 | AA31: 121.35781 | AB31: 1.6343381 | AC31: 0.0051506477 | AD31: 1.2876981 | AE31: 65.985131 | AF31: 0.048543123 | AG31: 121.35781 | AH31: 263.08856 | AI31: 0.00050242849 | AJ31: 2.8722576 | AK31: 0.15238572 | AL31: 0.0099812504 | AM31: 0.00075262357 | AN31: 0.0010010797 | AO31: 0.027077765 | AP31: 9.9979185 | AQ31: 0.2589772 | AR31: 0.47482713 | AS31: 0.71204492 | AT31: 0.16940938 | AU31: -0.0037463538 | AV31: 0.06572612 | AW31: 0.57747372 | AX31: 0.0031303707 | AY31: 0.0361 | AZ31: 0.0241 | BA31: 0.00746 | BB31: 0.116 | BC31: 20.2 | BD31: 0.00202 | BE31: 0.2350515 | BF31: 15.171574 | BG31: 3.744389e-05 | BH31: 1.0986992 | BI31: 0.12604211 | BJ31: 97.098074 | BK31: 91.639051 | BL31: 0.0038500619 | BM31: 0.038543174 | BN31: 0.13228119 | BO31: 20.228765 | BP31: 54.382519 | BQ31: 0.00069290498 | BR31: 0.0079353593 | BS31: 0.0034008683 | BT31: 0.952 | BU31: 88 | BV31: 119 | BW31: 0.00292 | BX31: 0.0283 | BY31: 0.93362099 | BZ31: 97.098074 | CA31: 220.83509 | CB31: 0.0034770705 | CC31: 0.0056681138 | CD31: 0.0090689821 | CE31: 1.1927172 | CF31: 97.098074 | CG31: 214.82597 | CH31: 0.0038129075 | CI31: 0.0068017366 | CJ31: 0.024939701 | CK31: 0.022063364 | CL31: 0.48807705 | CM31: 0.32456538 | CN31: 0.015242174 | CO31: 0.45745666 | CP31: -0.0011422449 | CQ31: 0.017491728 | CR31: 3.954997 | CS31: 0.30834174 | CT31: 0.51314846 | CU31: 0.001183338 | CV31: 2.3235597 | CW31: 14.121449 | CX31: 1291.511 | CY31: 7.5877001 | CZ31: 0.0070020075 | DA31: 5.4747577 | DB31: 0.099931894 | DC31: -6.4811921e-05 | DD31: 0.13247903 | DE31: 0.00012519509 | DF31: 0.0076714426 | DG31: 0.0090689821 | DH31: 0.05716417 | DI31: 54.286216 | DJ31: 0.5816705 | DK31: 0.32444434 | DL31: 0.086217418 | DM31: 2.0556116 | DN31: 2.6957762 | DO31: 0.0015773141 | DP31: 0.012722087 | DQ31: 0.043200167 | DR31: 1.335365 | DS31: 19.176459 | DT31: -0.0007614966 | DU31: 0.017281975 | DV31: 4.7146562 | DW31: 0.53445901 | DX31: 2.6957762 | DY31: 0.0062176718 | DZ31: 30.392889 | EA31: 0.042897515 | EB31: 47.164642 | EC31: 25.081582 | ED31: 0.69328963 | EE31: 36.184054 | EF31: 0.16370208 | EG31: 4.1698368 | EH31: 337.07364 | EI31: 0.20619344 | EJ31: 0.068017366 | EK31: 3.1539934 | EL31: 0.13585329 | EM31: 1.4367734 | EN31: 10.239961 | EO31: 0.0010360765 | EP31: 0.098044489 | EQ31: 1.3690178 | ER31: 240.51775 | ES31: 0.0023881402 | ET31: 36.184684 | EU31: 13.156873 | EV31: 1.1362632 | EW31: 0.043575328 | EX31: 1.5465707 | EY31: 13.412865 | EZ31: 0.0030428447 | FA31: 0.60091181 | FB31: 0.0020091952 | FC31: 14.268743 | FD31: 3.5920006 | FE31: 0.047377201 | FF31: 0.11683554 | FG31: -0.0026224477 | FH31: 0.050837883 | FI31: 0.20098607 | FJ31: 1.8243553 | FK31: 0.24631673 | FL31: 0.00065011797 | FM31: 0.0015367523 | FN31: 0.63528519 | FO31: 0.04163451 | FP31: 0.0033489762 | FQ31: 0.17984462 | FR31: 36.447421 | FS31: 54.382519 | FT31: 0.00032039457 | FU31: 1.8659124 | FV31: 0.027169628 | FW31: 0.00012519509 | FX31: 0.00050959677 | FY31: 0.0079353593 | FZ31: 0.15894187 | GA31: 0.0014422193 | GB31: 0.15929294 | GC31: 0.042636087 | GD31: 0.16967537 | GE31: 0.0053822113 | GF31: 0.25733458 | GG31: 0.40280903 | GH31: 0.24506607 | GI31: 0.042636087 | GJ31: 0.16967537 | GK31: 0.0060463745 | GL31: 0.0068017366 | GM31: 1.3989369 | GN31: 0.25666903 | GO31: 0.057525207 | GP31: 124.75197 | GQ31: 0.0013686836 | GR31: 0.0080230414 | GS31: 14.398991 | GT31: 3.699522 | GU31: 0.094629868 | GV31: -0.007614966 | GW31: 0.033698254 | GX31: 0.76987883 | GY31: 2.0556116 | GZ31: 0.4625177 | HA31: 0.00065011797 | HB31: 0.002888041 | HC31: 2.8970465 | HD31: 0.066836247 | HE31: -0.00010208814 | HF31: 0.38453172 | HG31: 0.00054584156 | HH31: 12.032027 | HI31: 0.76666698 | HJ31: 0.057525207 | HK31: 0.050837883 | HL31: 0.23125885 | HM31: 0.0010325692 | HN31: 0.14875913 | HO31: 0.0030086405 | HP31: 15.171574 | HQ31: 4.3813212e-05 | HR31: 0.17580625 | HS31: 0.0032782222 | HT31: 15.171574 | HU31: 4.7866417e-05 | HV31: 0.015026175 | HW31: 15.171574 | HX31: 2.6056315e-05 | HY31: 1350 | HZ31: 0.182 | IA31: 85.925383 | IB31: 0 | IC31: 17.7 | ID31: =IA31*7 -> 601.47768 | IE31: =IB31*7 -> 0 | IF31: =IC31*7 -> 123.9 | IG31: 0.0187 | IH31: 0.113 | II31: 0.131 | IJ31: -0.0188 | IK31: 0.012 | IL31: -28.771004 | IM31: -84.854453 | IN31: -13426.558 | IO31: -51.937243 | IP31: 0.25085034 | IQ31: 1.3405261 | IR31: 0.0028074484 | IS31: 0.016933011 | IT31: 0.094185568 | IU31: -0.0048619154 | IV31: 0.01074728 | IW31: 0.058968301 | IX31: 0.35519234 | IY31: 0.064267461 | IZ31: 0.85395938
A36: Type | B36: Sous-ensemble | C36: Sous-ensemble | D36: Sous-ensemble | E36: Sous-ensemble | F36: Sous-ensemble | G36: Sous-ensemble | H36: Sous-ensemble | I36: Sous-ensemble | J36: Sous-ensemble | K36: Sous-ensemble | L36: IFE | M36: IFE | N36: IFE | O36: Sous-ensemble | P36: Sous-ensemble | Q36: Sous-ensemble | R36: Sous-ensemble | S36: Sous-ensemble | T36: Sous-ensemble | U36: IFE | V36: IFE | W36: IFE | X36: Sous-ensemble | Y36: Sous-ensemble | Z36: Sous-ensemble | AA36: Sous-ensemble | AB36: Sous-ensemble | AC36: Sous-ensemble | AD36: Sous-ensemble | AE36: Sous-ensemble | AF36: Sous-ensemble | AG36: IFE | AH36: IFE | AI36: IFE | AJ36: Site assemblage | AK36: Site assemblage | AL36: Site assemblage | AM36: Site assemblage | AN36: Site assemblage | AO36: Sous-ensemble | AP36: Sous-ensemble | AQ36: Sous-ensemble | AR36: Sous-ensemble | AS36: Sous-ensemble | AT36: Sous-ensemble | AU36: Sous-ensemble | AV36: Sous-ensemble | AW36: Sous-ensemble | AX36: Sous-ensemble | AY36: Sous-ensemble | AZ36: Sous-ensemble | BA36: Sous-ensemble | BB36: Sous-ensemble | BC36: Sous-ensemble | BD36: Sous-ensemble | BE36: Sous-ensemble | BF36: Sous-ensemble | BG36: Sous-ensemble | BH36: Sous-ensemble | BI36: Sous-ensemble | BJ36: Sous-ensemble | BK36: Sous-ensemble | BL36: Sous-ensemble | BM36: Sous-ensemble | BN36: Sous-ensemble | BO36: Sous-ensemble | BP36: Sous-ensemble | BQ36: Sous-ensemble | BR36: Sous-ensemble | BS36: Sous-ensemble | BT36: Sous-ensemble | BU36: Sous-ensemble | BV36: Sous-ensemble | BW36: Sous-ensemble | BX36: Sous-ensemble | BY36: Sous-ensemble | BZ36: Sous-ensemble | CA36: Sous-ensemble | CB36: Sous-ensemble | CC36: Sous-ensemble | CD36: Sous-ensemble | CE36: Sous-ensemble | CF36: Sous-ensemble | CG36: Sous-ensemble | CH36: Sous-ensemble | CI36: Sous-ensemble | CJ36: Sous-ensemble | CK36: Sous-ensemble | CL36: Sous-ensemble | CM36: Sous-ensemble | CN36: Sous-ensemble | CO36: Sous-ensemble | CP36: Sous-ensemble | CQ36: Sous-ensemble | CR36: Sous-ensemble | CS36: Sous-ensemble | CT36: Sous-ensemble | CU36: Sous-ensemble | CV36: Sous-ensemble | CW36: Sous-ensemble | CX36: Sous-ensemble | CY36: Sous-ensemble | CZ36: Sous-ensemble | DA36: Sous-ensemble | DB36: Sous-ensemble | DC36: Sous-ensemble | DD36: Sous-ensemble | DE36: Sous-ensemble | DF36: Sous-ensemble | DG36: Sous-ensemble | DH36: Sous-ensemble | DI36: Sous-ensemble | DJ36: Sous-ensemble | DK36: Sous-ensemble | DL36: Sous-ensemble | DM36: Sous-ensemble | DN36: Sous-ensemble | DO36: Sous-ensemble | DP36: Sous-ensemble | DQ36: Sous-ensemble | DR36: Sous-ensemble | DS36: Sous-ensemble | DT36: Sous-ensemble | DU36: Sous-ensemble | DV36: Sous-ensemble | DW36: Sous-ensemble | DX36: Sous-ensemble | DY36: Sous-ensemble | DZ36: Sous-ensemble | EA36: Sous-ensemble | EB36: Sous-ensemble | EC36: Sous-ensemble | ED36: Sous-ensemble | EE36: Sous-ensemble | EF36: Sous-ensemble | EG36: Sous-ensemble | EH36: Sous-ensemble | EI36: Sous-ensemble | EJ36: Sous-ensemble | EK36: Sous-ensemble | EL36: Sous-ensemble | EM36: Sous-ensemble | EN36: Sous-ensemble | EO36: Sous-ensemble | EP36: Sous-ensemble | EQ36: Sous-ensemble | ER36: Sous-ensemble | ES36: Sous-ensemble | ET36: Sous-ensemble | EU36: Sous-ensemble | EV36: Sous-ensemble | EW36: Sous-ensemble | EX36: Sous-ensemble | EY36: Sous-ensemble | EZ36: Sous-ensemble | FA36: Sous-ensemble | FB36: Sous-ensemble | FC36: Sous-ensemble | FD36: Sous-ensemble | FE36: Sous-ensemble | FF36: Sous-ensemble | FG36: Sous-ensemble | FH36: Sous-ensemble | FI36: Sous-ensemble | FJ36: Sous-ensemble | FK36: Sous-ensemble | FL36: Sous-ensemble | FM36: Sous-ensemble | FN36: Sous-ensemble | FO36: Sous-ensemble | FP36: Sous-ensemble | FQ36: Sous-ensemble | FR36: Sous-ensemble | FS36: Sous-ensemble | FT36: Sous-ensemble | FU36: Sous-ensemble | FV36: Sous-ensemble | FW36: Sous-ensemble | FX36: Sous-ensemble | FY36: Sous-ensemble | FZ36: Sous-ensemble | GA36: Sous-ensemble | GB36: Sous-ensemble | GC36: Sous-ensemble | GD36: Sous-ensemble | GE36: Sous-ensemble | GF36: Sous-ensemble | GG36: Sous-ensemble | GH36: Sous-ensemble | GI36: Sous-ensemble | GJ36: Sous-ensemble | GK36: Sous-ensemble | GL36: Sous-ensemble | GM36: Sous-ensemble | GN36: Sous-ensemble | GO36: Sous-ensemble | GP36: Sous-ensemble | GQ36: Sous-ensemble | GR36: Sous-ensemble | GS36: Sous-ensemble | GT36: Sous-ensemble | GU36: Sous-ensemble | GV36: Sous-ensemble | GW36: Sous-ensemble | GX36: Sous-ensemble | GY36: Sous-ensemble | GZ36: Sous-ensemble | HA36: Sous-ensemble | HB36: Sous-ensemble | HC36: Sous-ensemble | HD36: Sous-ensemble | HE36: Sous-ensemble | HF36: Sous-ensemble | HG36: Sous-ensemble | HH36: Sous-ensemble | HI36: Sous-ensemble | HJ36: Sous-ensemble | HK36: Sous-ensemble | HL36: Sous-ensemble | HM36: Sous-ensemble | HN36: Sous-ensemble | HO36: Sous-ensemble | HP36: Sous-ensemble | HQ36: Sous-ensemble | HR36: Sous-ensemble | HS36: Sous-ensemble | HT36: Sous-ensemble | HU36: Sous-ensemble | HV36: Sous-ensemble | HW36: Sous-ensemble | HX36: Sous-ensemble | HY36: Livraison | HZ36: Livraison | IA36: Utilisation | IB36: Utilisation | IC36: Utilisation | ID36: Utilisation 7 ans | IE36: Utilisation 7 ans | IF36: Utilisation 7 ans | IG36: Fin de vie | IH36: Fin de vie | II36: Fin de vie | IJ36: Fin de vie | IK36: Fin de vie | IL36: Fin de vie | IM36: Fin de vie | IN36: Fin de vie | IO36: Fin de vie | IP36: Fin de vie | IQ36: Fin de vie | IR36: Fin de vie | IS36: Fin de vie | IT36: Fin de vie | IU36: Fin de vie | IV36: Fin de vie | IW36: Fin de vie | IX36: Fin de vie | IY36: Fin de vie | IZ36: Fin de vie
A37: Système | B37: Brackets set | C37: Brackets set | D37: Brackets set | E37: Ceinture de sécurité | F37: Ceinture de sécurité | G37: Ceinture de sécurité | H37: Ceinture de sécurité | I37: Commande actionnement ECU | J37: Commande actionnement ECU | K37: Commande actionnement ECU | L37: Ecran | M37: Ecran | N37: Ecran | O37: lightning | P37: lightning | Q37: lightning | R37: Padding | S37: Padding | T37: Padding | U37: Powerbox | V37: Powerbox | W37: Powerbox | X37: Remote extender unit | Y37: Remote extender unit | Z37: Remote extender unit | AA37: SFCU | AB37: SFCU | AC37: SFCU | AD37: Support clamps | AE37: Support clamps | AF37: Support clamps | AG37: System IFE | AH37: System IFE | AI37: System IFE | AJ37: Site assemblage | AK37: Site assemblage | AL37: Site assemblage | AM37: Site assemblage | AN37: Site assemblage | AO37: Accoudoir allée | AP37: Accoudoir allée | AQ37: Accoudoir allée | AR37: Accoudoir allée | AS37: Accoudoir allée | AT37: Accoudoir allée | AU37: Accoudoir allée | AV37: Accoudoir allée | AW37: Accoudoir allée | AX37: Accoudoir allée | AY37: Bumper version porte | AZ37: Bumper version porte | BA37: Bumper version porte | BB37: Bumper version porte | BC37: Bumper version porte | BD37: Bumper version porte | BE37: Capot NFC | BF37: Capot NFC | BG37: Capot NFC | BH37: Coussin ottoman | BI37: Coussin ottoman | BJ37: Coussin ottoman | BK37: Coussin ottoman | BL37: Coussin ottoman | BM37: Coussin ottoman | BN37: Coussin têtière | BO37: Coussin têtière | BP37: Coussin têtière | BQ37: Coussin têtière | BR37: Coussin têtière | BS37: Coussin têtière | BT37: Ens. Coussin assise | BU37: Ens. Coussin assise | BV37: Ens. Coussin assise | BW37: Ens. Coussin assise | BX37: Ens. Coussin assise | BY37: Ens.coussin dossier version têtière | BZ37: Ens.coussin dossier version têtière | CA37: Ens.coussin dossier version têtière | CB37: Ens.coussin dossier version têtière | CC37: Ens.coussin dossier version têtière | CD37: Ens.coussin dossier version têtière | CE37: Ens. Coussin dossier | CF37: Ens. Coussin dossier | CG37: Ens. Coussin dossier | CH37: Ens. Coussin dossier | CI37: Ens. Coussin dossier | CJ37: Ens. Coussin dossier | CK37: Ens. Stowage latéral | CL37: Ens. Stowage latéral | CM37: Ens. Stowage latéral | CN37: Ens. Stowage latéral | CO37: Ens. Stowage latéral | CP37: Ens. Stowage latéral | CQ37: Ens. Stowage latéral | CR37: Ens. Stowage latéral | CS37: Ens. Stowage latéral | CT37: Ens. Stowage latéral | CU37: Ens. Stowage latéral | CV37: Ens. Coque | CW37: Ens. Coque | CX37: Ens. Coque | CY37: Ens. Coque | CZ37: Ens. Coque | DA37: Ens. Equipements latéraux | DB37: Ens. Equipements latéraux | DC37: Ens. Equipements latéraux | DD37: Ens. Equipements latéraux | DE37: Ens. Equipements latéraux | DF37: Ens. Equipements latéraux | DG37: Ens. Equipements latéraux | DH37: Ens. Palette optimisée | DI37: Ens. Palette optimisée | DJ37: Ens. Palette optimisée | DK37: Ens. Palette optimisée | DL37: Ens. Palette optimisée | DM37: Ens. Palette optimisée | DN37: Ens. Palette optimisée | DO37: Ens. Palette optimisée | DP37: Ens. Palette optimisée | DQ37: Ensemble porte | DR37: Ensemble porte | DS37: Ensemble porte | DT37: Ensemble porte | DU37: Ensemble porte | DV37: Ensemble porte | DW37: Ensemble porte | DX37: Ensemble porte | DY37: Ensemble porte | DZ37: Ens. Structure fauteuil | EA37: Ens. Structure fauteuil | EB37: Ens. Structure fauteuil | EC37: Ens. Structure fauteuil | ED37: Ens. Structure fauteuil | EE37: Ens. Structure fauteuil | EF37: Ens. Structure fauteuil | EG37: Ens. Structure fauteuil | EH37: Ens. Structure fauteuil | EI37: Ens. Structure fauteuil | EJ37: Ens. Structure porte | EK37: Ens. Structure porte | EL37: Ens. Structure fixe | EM37: Ens. Structure fixe | EN37: Ens. Structure fixe | EO37: Ens. Structure fixe | EP37: Ens. Structure fixe | EQ37: Ens. Structure fixe | ER37: Ens. Structure fixe | ES37: Ens. Structure fixe | ET37: Ens. Tablette cocktail | EU37: Ens. Tablette cocktail | EV37: Ens. Tablette cocktail | EW37: Ens. Tablette cocktail | EX37: Ens. Tablette cocktail | EY37: Ens. Tablette cocktail | EZ37: Ens. Tablette cocktail | FA37: Ens. Tablette cocktail | FB37: Ens. Tablette cocktail | FC37: Ens. Tablette repas | FD37: Ens. Tablette repas | FE37: Ens. Tablette repas | FF37: Ens. Tablette repas | FG37: Ens. Tablette repas | FH37: Ens. Tablette repas | FI37: Ens. Tablette repas | FJ37: Ens. Tablette repas | FK37: Ens. Tablette repas | FL37: Ens. Tablette repas | FM37: Ens. Tablette repas | FN37: Ens. Têtière | FO37: Ens. Têtière | FP37: Ens. Têtière | FQ37: Ens. Têtière | FR37: Ens. Têtière | FS37: Ens. Têtière | FT37: Ens. Têtière | FU37: Habillage sous fauteuil | FV37: Habillage sous fauteuil | FW37: Habillage sous fauteuil | FX37: Habillage sous fauteuil | FY37: Habillage sous fauteuil | FZ37: Manchette acc. Mobile | GA37: Manchette acc. Mobile | GB37: Manchette acc. Mobile | GC37: Manchette acc. Mobile | GD37: Manchette acc. Mobile | GE37: Manchette acc. Mobile | GF37: Manchette équipée | GG37: Manchette équipée | GH37: Manchette équipée | GI37: Manchette équipée | GJ37: Manchette équipée | GK37: Manchette équipée | GL37: Manchette équipée | GM37: Renfort tubulaire | GN37: Renfort tubulaire | GO37: Renfort tubulaire | GP37: Renfort tubulaire | GQ37: Renfort tubulaire | GR37: Stowage assemblé avec porte | GS37: Stowage assemblé avec porte | GT37: Stowage assemblé avec porte | GU37: Stowage assemblé avec porte | GV37: Stowage assemblé avec porte | GW37: Stowage assemblé avec porte | GX37: Stowage assemblé avec porte | GY37: Stowage assemblé avec porte | GZ37: Stowage assemblé avec porte | HA37: Stowage assemblé avec porte | HB37: Stowage assemblé avec porte | HC37: Structure ottoman horizontale | HD37: Structure ottoman horizontale | HE37: Structure ottoman horizontale | HF37: Structure ottoman horizontale | HG37: Structure ottoman horizontale | HH37: Support écran | HI37: Support écran | HJ37: Support écran | HK37: Support écran | HL37: Support écran | HM37: Support écran | HN37: Support équipé | HO37: Support équipé | HP37: Support équipé | HQ37: Support équipé | HR37: Support manchette équipée | HS37: Support manchette équipée | HT37: Support manchette équipée | HU37: Support manchette équipée | HV37: Support NFC | HW37: Support NFC | HX37: Support NFC | HY37: Livraison à Hambourg | HZ37: Livraison à Hambourg | IA37: Consommation passive | IB37: Consommation passive | IC37: Entretien | ID37: Consommation passive | IE37: Consommation passive | IF37: Entretien | IG37: Enfouissement | IH37: Enfouissement | II37: Enfouissement | IJ37: Enfouissement | IK37: Enfouissement | IL37: Recyclage | IM37: Recyclage | IN37: Recyclage | IO37: Recyclage | IP37: Recyclage | IQ37: Recyclage | IR37: Recyclage | IS37: Recyclage | IT37: Recyclage | IU37: Recyclage | IV37: Recyclage | IW37: Recyclage | IX37: Recyclage | IY37: Recyclage | IZ37: Recyclage
A38: Composant | B38: cables | C38: packaging | D38: Transport | E38: acier | F38: nylon | G38: packaging | H38: Transport | I38: Commande actionnement ECU | J38: packaging | K38: Transport | L38: Ecran | M38: packaging | N38: Transport | O38: lightning | P38: packaging | Q38: Transport | R38: packaging | S38: Padding | T38: Transport | U38: packaging | V38: powerbox | W38: Transport | X38: packaging | Y38: télécommande | Z38: Transport | AA38: packaging | AB38: Clavier | AC38: Transport | AD38: acier | AE38: nylon | AF38: packaging | AG38: packaging | AH38: System IFE boitier | AI38: Transport | AJ38: élec atelier | AK38: élec bureaux | AL38: gaz atelier | AM38: gaz bureaux | AN38: papierassemblage | AO38: 30NCD6 | AP38: A2017 | AQ38: A2024 | AR38: A5086 | AS38: acier | AT38: Alu | AU38: Ertalon | AV38: inox | AW38: packaging | AX38: Transport | AY38: A5086 | AZ38: acier | BA38: alliage Cu | BB38: Copolymere Lexan FST | BC38: packaging | BD38: Transport | BE38: kydex | BF38: packaging | BG38: Transport | BH38: FRMC55 | BI38: kydex | BJ38: packaging | BK38: tissu | BL38: Transport | BM38: velours | BN38: FRMC55 | BO38: packaging | BP38: tissu | BQ38: Transport | BR38: velcro | BS38: velours | BT38: FRMC55 | BU38: packaging | BV38: tissu | BW38: Transport | BX38: velours | BY38: FRMC55 | BZ38: packaging | CA38: tissu | CB38: Transport | CC38: velcro | CD38: velours | CE38: FRMC55 | CF38: packaging | CG38: tissu | CH38: Transport | CI38: velcro | CJ38: velours | CK38: 15CDV6 | CL38: A2017 | CM38: A5086 | CN38: acier | CO38: cuir | CP38: Ertalon | CQ38: FRMC55 | CR38: kydex | CS38: nylon | CT38: packaging | CU38: Transport | CV38: acier | CW38: NIDA | CX38: packaging | CY38: Résine BR623 | CZ38: Transport | DA38: A5086 | DB38: acier | DC38: Ertalon | DD38: nylon | DE38: packaging | DF38: Transport | DG38: velours | DH38: 35NC6 | DI38: A2017 | DJ38: acier | DK38: Alu | DL38: inox | DM38: nylon | DN38: packaging | DO38: Polychloroprene | DP38: Transport | DQ38: acier | DR38: AER film | DS38: Alu | DT38: Ertalon | DU38: inox | DV38: kydex | DW38: nylon | DX38: packaging | DY38: Transport | DZ38: 35NC6 | EA38: 4140 | EB38: A2017 | EC38: A2024 | ED38: A5086 | EE38: acier | EF38: inox | EG38: nylon | EH38: packaging | EI38: Transport | EJ38: velcro | EK38: Z10CNT18 | EL38: 35NC6 | EM38: acier | EN38: Alu | EO38: caoutchouc | EP38: inox | EQ38: nylon | ER38: packaging | ES38: Transport | ET38: A2017 | EU38: A2024 | EV38: acier | EW38: inox | EX38: kydex | EY38: nylon | EZ38: packaging | FA38: tissu | FB38: Transport | FC38: A2017 | FD38: A2024 | FE38: A2075 | FF38: acier | FG38: Ertalon | FH38: inox | FI38: kydex | FJ38: nylon | FK38: packaging | FL38: Silicone50 shore | FM38: Transport | FN38: A2017 | FO38: A2024 | FP38: inox | FQ38: nylon | FR38: packaging | FS38: tissu | FT38: Transport | FU38: A5086 | FV38: acier | FW38: packaging | FX38: Transport | FY38: velours | FZ38: A5086 | GA38: Alu | GB38: cuir | GC38: FRMC55 | GD38: packaging | GE38: Transport | GF38: A5086 | GG38: acier | GH38: cuir | GI38: FRMC55 | GJ38: packaging | GK38: Transport | GL38: velcro | GM38: A5086 | GN38: A6060 | GO38: acier | GP38: packaging | GQ38: Transport | GR38: 35NC6 | GS38: A2017 | GT38: A5086 | GU38: acier | GV38: Ertalon | GW38: inox | GX38: kydex | GY38: nylon | GZ38: packaging | HA38: Silicone | HB38: Transport | HC38: A5086 | HD38: acier | HE38: Ertalon | HF38: packaging | HG38: Transport | HH38: A2017 | HI38: A5086 | HJ38: acier | HK38: inox | HL38: packaging | HM38: Transport | HN38: A5086 | HO38: acier | HP38: packaging | HQ38: Transport | HR38: A5086 | HS38: acier | HT38: packaging | HU38: Transport | HV38: A5086 | HW38: packaging | HX38: Transport | HY38: packaging | HZ38: Transport | IA38: EU-28: Kerosene / Jet A1 at refinery Sphera | IB38: GLO: Cargo plane, 65 t payload Sphera <u-so> | IC38: Nettoyage et désinfection | ID38: EU-28: Kerosene / Jet A1 at refinery Sphera | IE38: GLO: Cargo plane, 65 t payload Sphera <u-so> | IF38: Nettoyage et désinfection | IG38: Landfill Acier (11,54 kg) | IH38: Landfill Aluminium (69,53 kg) | II38: Landfill DEEE (9,55 kg) | IJ38: landfill plastique (21,36 kg) | IK38: landfill textile (2,34 kg) | IL38: Credit Recyclage Acier | IM38: Credit Recyclage Aluminium | IN38: Credit Recyclage DEEE | IO38: Credit Recyclage plastiques | IP38: incinération Covers | IQ38: Incineration plastiques | IR38: Mise en décharche Acier | IS38: Mise en décharge Aluminium | IT38: Mise en décharge DEEE | IU38: Mise en décharge Plastiques | IV38: Mise en décharge Textile | IW38: Process recyclage Acier | IX38: Process recyclage Alu | IY38: Process recyclage DEEE | IZ38: Process recyclage Plastiques
A39: EF 3.0 Acidification | B39: 0.000939 | C39: 1.85e-05 | D39: 5.7e-06 | E39: 0.000102 | F39: 5.37e-05 | G39: 1.74e-05 | H39: 0.000387 | I39: 0.0383 | J39: 8.75e-05 | K39: 5.83e-06 | L39: 0.0239 | M39: 0.000131 | N39: 0.00156 | O39: 0.0226 | P39: 8.75e-05 | Q39: 6e-06 | R39: 7.66e-05 | S39: 0.000514 | T39: 2.85e-05 | U39: 8.75e-05 | V39: 0.00305 | W39: 0.001 | X39: 8.75e-05 | Y39: 0.00568 | Z39: 3.57e-06 | AA39: 8.75e-05 | AB39: 0.000628 | AC39: 0.000284 | AD39: 0.000181 | AE39: 0.000393 | AF39: 3.5e-08 | AG39: 8.75e-05 | AH39: 0.0226 | AI39: 5.83e-06 | AJ39: 0.000444 | AK39: 2.36e-05 | AL39: 0.000166 | AM39: 1.25e-05 | AN39: 2.08e-07 | AO39: 3.81e-06 | AP39: 0.00237 | AQ39: 0.000144 | AR39: 0.000254 | AS39: 0.0001 | AT39: 9.4526244e-05 | AU39: 2.9104916e-06 | AV39: 9.2923978e-06 | AW39: 1.9700934e-06 | AX39: 3.6350602e-05 | AY39: 1.94e-05 | AZ39: 3.39e-06 | BA39: 1.66e-06 | BB39: 2.03e-05 | BC39: 1.22e-05 | BD39: 2.34e-05 | BE39: 7.79e-06 | BF39: 9.17e-06 | BG39: 4.35e-07 | BH39: 0.000166 | BI39: 4.18e-06 | BJ39: 5.87e-05 | BK39: 0.00317 | BL39: 4.47e-05 | BM39: 7.88e-06 | BN39: 2e-05 | BO39: 1.22e-05 | BP39: 0.00188 | BQ39: 8.05e-06 | BR39: 1.62e-06 | BS39: 6.956748e-07 | BT39: 0.000144 | BU39: 5.32e-05 | BV39: 0.00411 | BW39: 3.39e-05 | BX39: 5.8e-06 | BY39: 0.000141 | BZ39: 5.87e-05 | CA39: 0.00764 | CB39: 4.04e-05 | CC39: 1.16e-06 | CD39: 1.86e-06 | CE39: 0.0001803293 | CF39: 5.87e-05 | CG39: 0.00743 | CH39: 4.43e-05 | CI39: 1.39e-06 | CJ39: 5.1e-06 | CK39: 3.1e-06 | CL39: 0.000112 | CM39: 0.000174 | CN39: 2.14e-06 | CO39: 4.61e-05 | CP39: 8.677741e-07 | CQ39: 2.6446093e-06 | CR39: 0.00013107125 | CS39: 1.8382617e-06 | CT39: 1.7489873e-06 | CU39: 1.37412e-05 | CV39: 3.38e-05 | CW39: 0.00103 | CX39: 0.000397 | CY39: 0.000233 | CZ39: 8.13e-05 | DA39: 0.00293 | DB39: 1.41e-05 | DC39: 5.04e-08 | DD39: 7.9e-07 | DE39: 4.24e-10 | DF39: 8.90826e-05 | DG39: 1.8551328e-06 | DH39: 8.04e-06 | DI39: 0.0128 | DJ39: 8.18e-05 | DK39: 0.000173 | DL39: 1.22e-05 | DM39: 1.23e-05 | DN39: 9.1942829e-06 | DO39: 4.174258e-07 | DP39: 0.00014773187 | DQ39: 6.08e-06 | DR39: 4.43e-05 | DS39: 0.00564 | DT39: 5.79e-07 | DU39: 2.44e-06 | DV39: 0.00015624686 | DW39: 3.1863203e-06 | DX39: 9.1942829e-06 | DY39: 7.2201071e-05 | DZ39: 0.000221 | EA39: 3.13e-07 | EB39: 0.014 | EC39: 0.00573 | ED39: 0.000383 | EE39: 0.00026361445 | EF39: 2.3906825e-05 | EG39: 4.449716e-05 | EH39: 0.00019160318 | EI39: 0.011376389 | EJ39: 1.3913496e-05 | EK39: 0.00046060483 | EL39: 1.98e-06 | EM39: 0.000202 | EN39: 0.00337 | EO39: 3.04e-06 | EP39: 1.39e-05 | EQ39: 8.1617655e-06 | ER39: 7.1406086e-05 | ES39: 2.7731646e-05 | ET39: 0.0136 | EU39: 0.000262 | EV39: 0.00016 | EW39: 6.16e-06 | EX39: 5.13e-05 | EY39: 8e-05 | EZ39: 1.4100422e-06 | FA39: 2.0789884e-05 | FB39: 2.3331249e-05 | FC39: 0.0047983342 | FD39: 0.0013762009 | FE39: 2.6435306e-05 | FF39: 1.6431682e-05 | FG39: 2.0373441e-06 | FH39: 7.19e-06 | FI39: 6.66e-06 | FJ39: 1.09e-05 | FK39: 8.41e-07 | FL39: 2.4e-07 | FM39: 1.78e-05 | FN39: 0.000354 | FO39: 2.32e-05 | FP39: 4.82e-07 | FQ39: 1.07e-06 | FR39: 2.79e-05 | FS39: 0.0018814845 | FT39: 3.7204972e-06 | FU39: 0.000924 | FV39: 3.82e-06 | FW39: 4.24e-10 | FX39: 5.92e-06 | FY39: 1.62e-06 | FZ39: 8.77e-05 | GA39: 8.19e-07 | GB39: 1.6e-05 | GC39: 6.45e-06 | GD39: 3.02e-07 | GE39: 0.00027335605 | GF39: 0.000142 | GG39: 2.92e-06 | GH39: 2.47e-05 | GI39: 6.45e-06 | GJ39: 3.02e-07 | GK39: 0.00031000018 | GL39: 1.3913496e-06 | GM39: 0.00075 | GN39: 0.000248 | GO39: 8.09e-06 | GP39: 4.04e-05 | GQ39: 1.59e-05 | GR39: 1.1283558e-06 | GS39: 0.0054346719 | GT39: 0.0019809641 | GU39: 1.3308689e-05 | GV39: 5.7851607e-06 | GW39: 4.76e-06 | GX39: 2.55e-05 | GY39: 1.23e-05 | GZ39: 1.58e-06 | HA39: 2.4e-07 | HB39: 3.35e-05 | HC39: 0.00155 | HD39: 9.4e-06 | HE39: 7.93e-08 | HF39: 1.31e-06 | HG39: 6.34e-06 | HH39: 0.0018084673 | HI39: 0.000408 | HJ39: 8.09e-06 | HK39: 7.19e-06 | HL39: 7.88e-07 | HM39: 1.2e-05 | HN39: 7.97e-05 | HO39: 4.23e-07 | HP39: 9.17e-06 | HQ39: 5.09e-07 | HR39: 9.42e-05 | HS39: 8.24e-07 | HT39: 9.17e-06 | HU39: 5.56e-07 | HV39: 8.05e-06 | HW39: 9.17e-06 | HX39: 3.03e-07 | HY39: 0.0014514848 | HZ39: 0.0021078161 | IA39: 0.506 | IB39: 4.23 | IC39: 0.00117 | ID39: =IA39*7 -> 3.542 | IE39: =IB39*7 -> 29.61 | IF39: =IC39*7 -> 0.00819 | IG39: 2.24e-05 | IH39: 0.000135 | II39: 0.000291 | IJ39: 8.25e-05 | IK39: 1.54e-05 | IL39: -0.00465 | IM39: -0.0471 | IN39: -0.0412 | IO39: -0.000904 | IP39: 1.5e-05 | IQ39: -0.00019587827 | IR39: 3.3533257e-06 | IS39: 2.0218547e-05 | IT39: 0.00020949663 | IU39: 2.1286617e-05 | IV39: 1.3758575e-05 | IW39: 0.00014763204 | IX39: 0.00088925354 | IY39: 0.00012744363 | IZ39: 2.2036615e-05 | JA39: =SUM(B39:IC39) -> 4.9908635
A40: EF 3.0 Climate Change - total | B40: 0.00236 | C40: 3.25e-05 | D40: 6.54e-06 | E40: 0.000267 | F40: 0.000208 | G40: 3.02e-05 | H40: 0.000664 | I40: 0.0359 | J40: 0.000115 | K40: 6.7e-06 | L40: 0.0215 | M40: 0.000172 | N40: 0.00267 | O40: 0.0266 | P40: 0.000115 | Q40: 6.89e-06 | R40: 9.12e-05 | S40: 0.000491 | T40: 3.28e-05 | U40: 0.000115 | V40: 0.0027 | W40: 0.00172 | X40: 0.000115 | Y40: 0.0054 | Z40: 4.1e-06 | AA40: 0.000115 | AB40: 0.000677 | AC40: 0.000488 | AD40: 0.00047 | AE40: 0.00113 | AF40: 4.59e-08 | AG40: 0.000115 | AH40: 0.0718 | AI40: 6.7e-06 | AJ40: 0.0013 | AK40: 6.91e-05 | AL40: 0.00169 | AM40: 0.000128 | AN40: 1.78e-07 | AO40: 9.89e-06 | AP40: 0.00354 | AQ40: 0.000201 | AR40: 0.000394 | AS40: 0.00026 | AT40: 0.00013156529 | AU40: 9.0409902e-06 | AV40: 9.7526439e-06 | AW40: 2.2141936e-06 | AX40: 4.1738689e-05 | AY40: 3e-05 | AZ40: 8.79e-06 | BA40: 1.41e-06 | BB40: 7.3e-05 | BC40: 1.44e-05 | BD40: 2.69e-05 | BE40: 2.02e-05 | BF40: 1.08e-05 | BG40: 4.99e-07 | BH40: 0.000456 | BI40: 1.08e-05 | BJ40: 6.92e-05 | BK40: 0.000881 | BL40: 5.13e-05 | BM40: 2.74e-05 | BN40: 5.49e-05 | BO40: 1.44e-05 | BP40: 0.000523 | BQ40: 9.24e-06 | BR40: 5.64e-06 | BS40: 2.4150079e-06 | BT40: 0.000395 | BU40: 6.27e-05 | BV40: 0.00114 | BW40: 3.89e-05 | BX40: 2.01e-05 | BY40: 0.000387 | BZ40: 6.92e-05 | CA40: 0.00212 | CB40: 4.64e-05 | CC40: 4.03e-06 | CD40: 6.44e-06 | CE40: 0.00049469494 | CF40: 6.92e-05 | CG40: 0.00207 | CH40: 5.08e-05 | CI40: 4.83e-06 | CJ40: 1.77e-05 | CK40: 8.06e-06 | CL40: 0.000173 | CM40: 0.00027 | CN40: 5.57e-06 | CO40: 4.4e-05 | CP40: 2.6953407e-06 | CQ40: 7.2549212e-06 | CR40: 0.00033991605 | CS40: 5.2645458e-06 | CT40: 1.9658987e-06 | CU40: 1.5777996e-05 | CV40: 0.000122 | CW40: 0.00271 | CX40: 0.000742 | CY40: 0.000595 | CZ40: 9.34e-05 | DA40: 0.00455 | DB40: 3.65e-05 | DC40: 1.56e-07 | DD40: 2.26e-06 | DE40: 4.77e-10 | DF40: 0.00010228691 | DG40: 6.4400211e-06 | DH40: 2.09e-05 | DI40: 0.0196 | DJ40: 0.000212 | DK40: 0.000272 | DL40: 1.28e-05 | DM40: 3.51e-05 | DN40: 1.0333515e-05 | DO40: 1.7632458e-06 | DP40: 0.0001696295 | DQ40: 1.58e-05 | DR40: 0.000115 | DS40: 0.0079 | DT40: 1.8e-06 | DU40: 2.56e-06 | DV40: 0.0004052057 | DW40: 9.1252127e-06 | DX40: 1.0333515e-05 | DY40: 8.2903111e-05 | DZ40: 0.000544 | EA40: 7.68e-07 | EB40: 0.0199 | EC40: 0.00807 | ED40: 0.000578 | EE40: 0.00064789438 | EF40: 2.4639955e-05 | EG40: 8.0704186e-05 | EH40: 0.00022800606 | EI40: 0.019516794 | EJ40: 4.8300158e-05 | EK40: 0.0004747298 | EL40: 7.11e-06 | EM40: 0.000525 | EN40: 0.00503 | EO40: 6.2e-06 | EP40: 1.45e-05 | EQ40: 2.337425e-05 | ER40: 0.00013857307 | ES40: 3.1842184e-05 | ET40: 0.02 | EU40: 0.000431 | EV40: 0.000415 | EW40: 6.47e-06 | EX40: 0.000133 | EY40: 0.000229 | EZ40: 2.5908936e-06 | FA40: 5.7795782e-06 | FB40: 2.6789535e-05 | FC40: 0.0074276759 | FD40: 0.001979945 | FE40: 3.6793681e-05 | FF40: 4.2668305e-05 | FG40: 6.3286931e-06 | FH40: 7.54e-06 | FI40: 1.73e-05 | FJ40: 3.11e-05 | FK40: 9.45e-07 | FL40: 5.81e-07 | FM40: 2.05e-05 | FN40: 0.000493 | FO40: 3.23e-05 | FP40: 4.66e-07 | FQ40: 3.05e-06 | FR40: 3.2e-05 | FS40: 0.00052305183 | FT40: 4.2719698e-06 | FU40: 0.00164 | FV40: 9.92e-06 | FW40: 4.77e-10 | FX40: 6.79e-06 | FY40: 5.64e-06 | FZ40: 0.000133 | GA40: 1.12e-06 | GB40: 1.53e-05 | GC40: 1.77e-05 | GD40: 3.25e-07 | GE40: 0.00046538776 | GF40: 0.000215 | GG40: 7.05e-06 | GH40: 2.36e-05 | GI40: 1.77e-05 | GJ40: 3.25e-07 | GK40: 0.0005282527 | GL40: 4.8300158e-06 | GM40: 0.00116 | GN40: 0.000463 | GO40: 2.1e-05 | GP40: 7.65e-05 | GQ40: 1.82e-05 | GR40: 2.9300124e-06 | GS40: 0.0090319912 | GT40: 0.0030752072 | GU40: 3.45588e-05 | GV40: 1.7968938e-05 | GW40: 5e-06 | GX40: 6.62e-05 | GY40: 3.51e-05 | GZ40: 1.77e-06 | HA40: 5.81e-07 | HB40: 3.85e-05 | HC40: 0.00241 | HD40: 2.44e-05 | HE40: 2.46e-07 | HF40: 1.48e-06 | HG40: 7.28e-06 | HH40: 0.002899483 | HI40: 0.000643 | HJ40: 2.1e-05 | HK40: 7.54e-06 | HL40: 8.86e-07 | HM40: 1.38e-05 | HN40: 0.000124 | HO40: 1.1e-06 | HP40: 1.08e-05 | HQ40: 5.84e-07 | HR40: 0.000146 | HS40: 2.1e-06 | HT40: 1.08e-05 | HU40: 6.38e-07 | HV40: 1.25e-05 | HW40: 1.08e-05 | HX40: 3.47e-07 | HY40: 0.0023947061 | HZ40: 0.0024202482 | IA40: 1.02 | IB40: 7.11 | IC40: 0.00143 | ID40: =IA40*7 -> 7.14 | IE40: =IB40*7 -> 49.77 | IF40: =IC40*7 -> 0.01001 | IG40: 2.17e-05 | IH40: 0.000131 | II40: 0.000381 | IJ40: 0.00019 | IK40: 0.000367 | IL40: -0.00492 | IM40: -0.0668 | IN40: -0.0585 | IO40: -0.00245 | IP40: -5.02e-05 | IQ40: 0.0012241468 | IR40: 3.2515608e-06 | IS40: 1.9608922e-05 | IT40: 0.00027405295 | IU40: 4.8910141e-05 | IV40: 0.00032836706 | IW40: 0.00041217198 | IX40: 0.0024826955 | IY40: 0.0003608243 | IZ40: 0.00012381899 | JA40: =SUM(B40:IC40) -> 8.479444
A41: EF 3.0 Climate Change, biogenic | B41: 8.3e-06 | C41: 1.12e-06 | D41: 1.96e-08 | E41: 1.04e-07 | F41: 5.4e-07 | G41: 1.14e-06 | H41: 8.15e-07 | J41: 1.34e-05 | K41: 2e-08 | M41: 2.01e-05 | N41: 3.28e-06 | P41: 1.34e-05 | Q41: 2.06e-08 | R41: 1.37e-05 | T41: 9.8e-08 | U41: 1.34e-05 | W41: 2.11e-06 | X41: 1.34e-05 | Z41: 1.22e-08 | AA41: 1.34e-05 | AC41: 5.99e-07 | AD41: 1.91e-07 | AE41: 1.5e-07 | AF41: 5.36e-09 | AG41: 1.34e-05 | AI41: 2e-08 | AJ41: 1.04e-05 | AK41: 5.54e-07 | AL41: 1.43e-06 | AM41: 1.08e-07 | AO41: 4.02e-09 | AP41: 4.4e-06 | AQ41: 2.66e-07 | AR41: 4.67e-07 | AS41: 1.06e-07 | AT41: 1.7336116e-07 | AU41: 1.164429e-09 | AV41: 8.2342724e-09 | AW41: 1.9142627e-06 | AX41: 1.2480778e-07 | AY41: 3.57e-08 | AZ41: 3.58e-09 | BA41: 1.21e-10 | BB41: 7.7e-08 | BC41: 2.28e-06 | BD41: 8.04e-08 | BE41: 1.32e-07 | BF41: 1.71e-06 | BG41: 1.49e-09 | BH41: 1.46e-07 | BI41: 7.06e-08 | BJ41: 1.09e-05 | BL41: 1.54e-07 | BM41: 5.34e-08 | BN41: 1.76e-08 | BO41: 2.28e-06 | BQ41: 2.76e-08 | BR41: 1.1e-08 | BS41: 4.7142851e-09 | BT41: 1.27e-07 | BU41: 9.9e-06 | BW41: 1.16e-07 | BX41: 3.93e-08 | BY41: 1.24e-07 | BZ41: 1.09e-05 | CB41: 1.39e-07 | CC41: 7.86e-09 | CD41: 1.26e-08 | CE41: 1.5867013e-07 | CF41: 1.09e-05 | CH41: 1.52e-07 | CI41: 9.43e-09 | CJ41: 3.46e-08 | CK41: 3.28e-09 | CL41: 2.14e-07 | CM41: 3.19e-07 | CN41: 2.27e-09 | CP41: 3.6330038e-10 | CQ41: 2.3269679e-09 | CR41: 2.2165274e-06 | CS41: 6.9865737e-10 | CT41: 1.6991485e-06 | CU41: 4.7179647e-08 | CV41: -2.99e-08 | CW41: 4.77e-06 | CX41: 0.00056 | CY41: 5.91e-08 | CZ41: 2.79e-07 | DA41: 5.41e-06 | DB41: 1.49e-08 | DC41: 2.01e-11 | DD41: 3e-10 | DE41: 4.12e-10 | DF41: 3.0586017e-07 | DG41: 1.2571427e-08 | DH41: 8.5e-09 | DI41: 2.43e-05 | DJ41: 8.64e-08 | DK41: 3.17e-07 | DL41: 1.08e-08 | DM41: 4.66e-09 | DN41: 8.9333202e-06 | DO41: 8.0910772e-09 | DP41: 5.0722919e-07 | DQ41: 6.42e-09 | DR41: 7.48e-07 | DS41: 1.01e-05 | DT41: 2.42e-10 | DU41: 2.17e-09 | DV41: 2.6422686e-06 | DW41: 1.2110061e-09 | DX41: 8.9333202e-06 | DY41: 2.4789837e-07 | DZ41: 1.27e-07 | EA41: 1.79e-10 | EB41: 2.39e-05 | EC41: 9.67e-06 | ED41: 6.74e-07 | EE41: 1.5088921e-07 | EF41: 2.0333825e-08 | EG41: 6.1868532e-09 | EH41: 3.4125431e-05 | EI41: 2.3963053e-05 | EJ41: 9.4285702e-08 | EK41: 3.9176503e-07 | EL41: -1.75e-09 | EM41: 2.14e-07 | EN41: 6.39e-06 | EO41: 4.85e-08 | EP41: 1.23e-08 | EQ41: 3.1019945e-09 | ER41: 0.00011081343 | ES41: 9.5215069e-08 | ET41: 2.57e-05 | EU41: 1.27e-07 | EV41: 1.69e-07 | EW41: 5.46e-09 | EX41: 8.67e-07 | EY41: 3.04e-08 | EZ41: 1.5289925e-06 | FA41: 0 | FB41: 8.0106548e-08 | FC41: 9.3688491e-06 | FD41: 2.551764e-06 | FE41: 4.8482359e-08 | FF41: 1.7363203e-08 | FG41: 8.1510027e-10 | FH41: 6.37e-09 | FI41: 1.13e-07 | FJ41: 4.13e-09 | FK41: 8.17e-07 | FL41: 3.99e-09 | FM41: 6.13e-08 | FN41: 6.5e-07 | FO41: 4.26e-08 | FP41: 3.72e-10 | FQ41: 4.24e-10 | FR41: 5.96e-06 | FS41: 0 | FT41: 1.2774121e-08 | FU41: 2.66e-06 | FV41: 4.04e-09 | FW41: 4.12e-10 | FX41: 2.03e-08 | FY41: 1.1e-08 | FZ41: 1.55e-07 | GA41: 1.47e-09 | GC41: 5.67e-09 | GD41: 2.51e-07 | GE41: 5.841413e-07 | GF41: 2.5e-07 | GG41: 1.95e-09 | GI41: 5.67e-09 | GJ41: 2.51e-07 | GK41: 6.6132794e-07 | GL41: 9.4285702e-09 | GM41: 1.37e-06 | GN41: 5e-07 | GO41: 8.55e-09 | GP41: 5.59e-05 | GQ41: 5.46e-08 | GR41: 1.1923229e-09 | GS41: 1.1295323e-05 | GT41: 3.655831e-06 | GU41: 1.4063166e-08 | GV41: 2.4220026e-09 | GW41: 4.22e-09 | GX41: 4.31e-07 | GY41: 4.66e-09 | GZ41: 1.53e-06 | HA41: 3.99e-09 | HB41: 1.15e-07 | HC41: 2.85e-06 | HD41: 9.93e-09 | HE41: 3.17e-11 | HF41: 1.28e-06 | HG41: 2.18e-08 | HH41: 3.4113803e-06 | HI41: 7.53e-07 | HJ41: 8.55e-09 | HK41: 6.37e-09 | HL41: 7.66e-07 | HM41: 4.12e-08 | HN41: 1.46e-07 | HO41: 4.47e-10 | HP41: 1.71e-06 | HQ41: 1.75e-09 | HR41: 1.73e-07 | HS41: 9.71e-10 | HT41: 1.71e-06 | HU41: 1.91e-09 | HV41: 1.48e-08 | HW41: 1.71e-06 | HX41: 1.04e-09 | HY41: 0.0010066227 | HZ41: 7.2370696e-06 | IA41: 0.00999 | ID41: =IA41*7 -> 0.06993 | IE41: =IB41*7 -> 0 | IF41: =IC41*7 -> 0 | IG41: 7.02e-08 | IH41: 4.23e-07 | II41: 1.87e-06 | IJ41: 3.81e-07 | IK41: 0.000328 | IL41: -4.19e-06 | IM41: -8.58e-05 | IN41: -7.57e-06 | IO41: -4.37e-06 | IP41: -6.15e-07 | IQ41: -5.0929154e-06 | IR41: 1.0521046e-08 | IS41: 6.3476761e-08 | IT41: 1.3457553e-06 | IU41: 9.8205878e-08 | IV41: 0.00029367993 | IW41: 4.2007514e-07 | IX41: 2.5302997e-06 | IY41: 4.5268512e-07 | IZ41: 4.7750896e-07 | JA41: =SUM(B41:IC41) -> 0.012192598
A42: EF 3.0 Climate Change, fossil | B42: 0.00235 | C42: 3.14e-05 | D42: 6.47e-06 | E42: 0.000267 | F42: 0.000208 | G42: 2.82e-05 | H42: 0.000663 | J42: 2.68e-05 | K42: 6.62e-06 | M42: 4.02e-05 | N42: 0.00267 | P42: 2.68e-05 | Q42: 6.81e-06 | R42: -5.17e-06 | S42: 0.000491 | T42: 3.24e-05 | U42: 2.68e-05 | W42: 0.00172 | X42: 2.68e-05 | Z42: 4.05e-06 | AA42: 2.68e-05 | AC42: 0.000487 | AD42: 0.00047 | AE42: 0.00113 | AF42: 1.07e-08 | AG42: 2.68e-05 | AI42: 6.62e-06 | AJ42: 0.00129 | AK42: 6.85e-05 | AL42: 0.00169 | AM42: 0.000128 | AO42: 9.88e-06 | AP42: 0.00338 | AQ42: 0.000201 | AR42: 0.000394 | AS42: 0.00026 | AT42: 0.00013132722 | AU42: 9.0395841e-06 | AV42: 9.7258366e-06 | AW42: -5.6597053e-08 | AX42: 4.1273285e-05 | AY42: 3e-05 | AZ42: 8.78e-06 | BA42: 1.41e-06 | BB42: 6.82e-05 | BC42: -8.61e-07 | BD42: 2.66e-05 | BE42: 1.8e-05 | BF42: -6.46e-07 | BG42: 4.94e-07 | BH42: 0.000455 | BI42: 9.63e-06 | BJ42: -4.13e-06 | BL42: 5.08e-05 | BM42: 2.73e-05 | BN42: 5.48e-05 | BO42: -8.61e-07 | BQ42: 9.14e-06 | BR42: 5.62e-06 | BS42: 2.409828e-06 | BT42: 0.000395 | BU42: -3.75e-06 | BW42: 3.85e-05 | BX42: 2.01e-05 | BY42: 0.000387 | BZ42: -4.13e-06 | CB42: 4.58e-05 | CC42: 4.02e-06 | CD42: 6.43e-06 | CE42: 0.00049443879 | CF42: -4.13e-06 | CH42: 5.03e-05 | CI42: 4.82e-06 | CJ42: 1.77e-05 | CK42: 8.05e-06 | CL42: 0.000165 | CM42: 0.000269 | CN42: 5.56e-06 | CO42: 4.4e-05 | CP42: 2.6949027e-06 | CQ42: 7.2511647e-06 | CR42: 0.00030204157 | CS42: 5.2637021e-06 | CT42: -5.0062097e-08 | CU42: 1.5602065e-05 | CV42: 0.000122 | CW42: 0.00263 | CX42: -0.000863 | CY42: 0.000595 | CZ42: 9.23e-05 | DA42: 0.00454 | DB42: 3.65e-05 | DC42: 1.56e-07 | DD42: 2.26e-06 | DE42: -1.19e-11 | DF42: 0.00010114637 | DG42: 6.4262081e-06 | DH42: 2.09e-05 | DI42: 0.0188 | DJ42: 0.000212 | DK42: 0.000272 | DL42: 1.28e-05 | DM42: 3.51e-05 | DN42: -2.6415437e-07 | DO42: 1.7542476e-06 | DP42: 0.00016773806 | DQ42: 1.58e-05 | DR42: 0.000102 | DS42: 0.00765 | DT42: 1.8e-06 | DU42: 2.56e-06 | DV42: 0.00036005645 | DW42: 9.1237503e-06 | DX42: -2.6415437e-07 | DY42: 8.1978706e-05 | DZ42: 0.000544 | EA42: 7.68e-07 | EB42: 0.0192 | EC42: 0.00764 | ED42: 0.000577 | EE42: 0.00064740446 | EF42: 2.4567516e-05 | EG42: 8.0550663e-05 | EH42: -1.2917316e-05 | EI42: 0.019492424 | EJ42: 4.8196561e-05 | EK42: 0.00047333415 | EL42: 7.11e-06 | EM42: 0.000524 | EN42: 0.0049 | EO42: 6.14e-06 | EP42: 1.45e-05 | EQ42: 2.3370504e-05 | ER42: -0.00017223923 | ES42: 3.148713e-05 | ET42: 0.0196 | EU42: 9.61e-05 | EV42: 0.000415 | EW42: 6.45e-06 | EX42: 0.000118 | EY42: 0.000229 | EZ42: 1.0553505e-06 | FA42: 0 | FB42: 2.649082e-05 | FC42: 0.0072484487 | FD42: 0.0019453837 | FE42: 3.6727105e-05 | FF42: 4.2638793e-05 | FG42: 6.3277089e-06 | FH42: 7.52e-06 | FI42: 1.53e-05 | FJ42: 3.11e-05 | FK42: -2.41e-08 | FL42: 5.76e-07 | FM42: 2.03e-05 | FN42: 0.000492 | FO42: 3.23e-05 | FP42: 4.65e-07 | FQ42: 3.05e-06 | FR42: -2.26e-06 | FS42: 0 | FT42: 4.2243355e-06 | FU42: 0.00163 | FV42: 9.92e-06 | FW42: -1.19e-11 | FX42: 6.72e-06 | FY42: 5.62e-06 | FZ42: 0.000132 | GA42: 1.12e-06 | GB42: 1.53e-05 | GC42: 1.77e-05 | GD42: -2.99e-08 | GE42: 0.00046473512 | GF42: 0.000214 | GG42: 7.04e-06 | GH42: 2.36e-05 | GI42: 1.77e-05 | GJ42: -2.99e-08 | GK42: 0.00052752156 | GL42: 4.8196561e-06 | GM42: 0.00116 | GN42: 0.000463 | GO42: 2.1e-05 | GP42: -8.18e-05 | GQ42: 1.8e-05 | GR42: 2.9279858e-06 | GS42: 0.0088598081 | GT42: 0.0030703611 | GU42: 3.4534897e-05 | GV42: 1.7966018e-05 | GW42: 4.99e-06 | GX42: 5.88e-05 | GY42: 3.51e-05 | GZ42: -4.53e-08 | HA42: 5.76e-07 | HB42: 3.81e-05 | HC42: 0.0024 | HD42: 2.44e-05 | HE42: 2.46e-07 | HF42: -3.77e-08 | HG42: 7.2e-06 | HH42: 0.0026550797 | HI42: 0.000642 | HJ42: 2.1e-05 | HK42: 7.52e-06 | HL42: -2.26e-08 | HM42: 1.36e-05 | HN42: 0.000123 | HO42: 1.1e-06 | HP42: -6.46e-07 | HQ42: 5.78e-07 | HR42: 0.000146 | HS42: 2.1e-06 | HT42: -6.46e-07 | HU42: 6.31e-07 | HV42: 1.25e-05 | HW42: -6.46e-07 | HX42: 3.44e-07 | HY42: 0.00055715829 | HZ42: 0.0023932614 | IA42: 1.01 | IB42: 7.11 | ID42: =IA42*7 -> 7.07 | IE42: =IB42*7 -> 49.77 | IF42: =IC42*7 -> 0 | IG42: 2.16e-05 | IH42: 0.00013 | II42: 0.000379 | IJ42: 0.000189 | IK42: 3.87e-05 | IL42: -0.0049 | IM42: -0.0666 | IN42: -0.000828 | IO42: -0.00241 | IP42: -4.95e-05 | IQ42: 0.0012299935 | IR42: 3.2315447e-06 | IS42: 1.9488193e-05 | IT42: 0.00027235684 | IU42: 4.877116e-05 | IV42: 3.4671666e-05 | IW42: 0.00041162052 | IX42: 0.0024793738 | IY42: 0.00036024506 | IZ42: 0.0001232705 | JA42: =SUM(B42:IC42) -> 8.2866458
A43: EF 3.0 Climate Change, land use and land use change | B43: 1.32e-06 | C43: -1.32e-09 | D43: 5.34e-08 | E43: 7.52e-08 | F43: 3.98e-08 | G43: -1.19e-09 | H43: 1.38e-08 | J43: -1.91e-09 | K43: 5.47e-08 | M43: -2.86e-09 | N43: 5.57e-08 | P43: -1.91e-09 | Q43: 5.62e-08 | R43: -6.56e-10 | T43: 2.67e-07 | U43: -1.91e-09 | W43: 3.59e-08 | X43: -1.91e-09 | Z43: 3.34e-08 | AA43: -1.91e-09 | AC43: 1.02e-08 | AD43: 1.34e-07 | AE43: 3.1e-08 | AF43: -7.62e-13 | AG43: -1.91e-09 | AI43: 5.47e-08 | AJ43: 2.15e-06 | AK43: 1.14e-07 | AL43: 4.59e-08 | AM43: 3.46e-09 | AO43: 2.82e-09 | AP43: 1.6e-06 | AQ43: 9.89e-08 | AR43: 1.53e-07 | AS43: 7.4e-08 | AT43: 6.470028e-08 | AU43: 2.4167653e-10 | AV43: 1.8572972e-08 | AW43: 7.4503299e-09 | AX43: 3.405964e-07 | AY43: 1.16e-08 | AZ43: 2.5e-09 | BA43: 3.7e-10 | BB43: 2.65e-08 | BC43: -1.09e-10 | BD43: 2.19e-07 | BE43: 4.09e-10 | BF43: -8.19e-11 | BG43: 4.07e-09 | BH43: 8.98e-08 | BI43: 2.19e-10 | BJ43: -5.24e-10 | BL43: 4.19e-07 | BM43: 5.28e-09 | BN43: 1.08e-08 | BO43: -1.09e-10 | BQ43: 7.54e-08 | BR43: 1.09e-09 | BS43: 4.6557186e-10 | BT43: 7.78e-08 | BU43: -4.75e-10 | BW43: 3.18e-07 | BX43: 3.88e-09 | BY43: 7.63e-08 | BZ43: -5.24e-10 | CB43: 3.78e-07 | CC43: 7.76e-10 | CD43: 1.24e-09 | CE43: 9.7479561e-08 | CF43: -5.24e-10 | CH43: 4.15e-07 | CI43: 9.31e-10 | CJ43: 3.41e-09 | CK43: 2.29e-09 | CL43: 7.68e-08 | CM43: 1.04e-07 | CN43: 1.58e-09 | CP43: 7.4690147e-11 | CQ43: 1.4295811e-09 | CR43: 6.8816518e-09 | CS43: 1.4500592e-10 | CT43: 6.6129437e-09 | CU43: 1.2875174e-07 | CV43: 8.17e-09 | CW43: 4e-07 | CX43: -2.32e-06 | CY43: 1.21e-08 | CZ43: 7.62e-07 | DA43: 1.76e-06 | DB43: 1.04e-08 | DC43: 4.18e-12 | DD43: 6.23e-11 | DE43: 1.6e-12 | DF43: 8.3468255e-07 | DG43: 1.241525e-09 | DH43: 5.94e-09 | DI43: 8.78e-06 | DJ43: 6.05e-08 | DK43: 1.02e-07 | DL43: 2.44e-08 | DM43: 9.67e-10 | DN43: 3.4768215e-08 | DO43: 9.0716333e-10 | DP43: 1.3842121e-06 | DQ43: 4.49e-09 | DR43: 2.32e-09 | DS43: 3.77e-06 | DT43: 4.98e-11 | DU43: 4.88e-09 | DV43: 8.2034506e-09 | DW43: 2.5134359e-10 | DX43: 3.4768215e-08 | DY43: 6.7650667e-07 | DZ43: 2.85e-07 | EA43: 4.02e-10 | EB43: 1.79e-05 | EC43: 6.43e-06 | ED43: 3.24e-07 | EE43: 3.3903819e-07 | EF43: 5.2104867e-08 | EG43: 1.473366e-07 | EH43: -1.6389603e-09 | EI43: 4.0699592e-07 | EJ43: 9.3114371e-09 | EK43: 1.0038871e-06 | EL43: 4.78e-10 | EM43: 1.49e-07 | EN43: 2.33e-06 | EO43: 8.09e-09 | EP43: 2.77e-08 | EQ43: 6.4381708e-10 | ER43: -4.645171e-07 | ES43: 2.5983886e-07 | ET43: 9.39e-06 | EU43: 4.71e-08 | EV43: 1.18e-07 | EW43: 1.23e-08 | EX43: 2.69e-09 | EY43: 6.31e-09 | EZ43: 6.5505521e-09 | FA43: 0 | FB43: 2.1860819e-07 | FC43: 3.3669694e-06 | FD43: 9.4177783e-07 | FE43: 1.8094146e-08 | FF43: 1.2148671e-08 | FG43: 1.6917357e-10 | FH43: 1.44e-08 | FI43: 3.5e-10 | FJ43: 8.58e-10 | FK43: 3.18e-09 | FL43: 9.5e-10 | FM43: 1.67e-07 | FN43: 2.43e-07 | FO43: 1.59e-08 | FP43: 1.08e-09 | FQ43: 8.71e-11 | FR43: -2.86e-10 | FS43: 0 | FT43: 3.4860165e-08 | FU43: 5.96e-07 | FV43: 2.83e-09 | FW43: 1.6e-12 | FX43: 5.54e-08 | FY43: 1.09e-09 | FZ43: 7.43e-08 | GA43: 6.8e-10 | GC43: 3.48e-09 | GD43: 9.3e-10 | GE43: 6.8497591e-08 | GF43: 1.2e-07 | GG43: 3.87e-09 | GI43: 3.48e-09 | GJ43: 9.3e-10 | GK43: 6.9808552e-08 | GL43: 9.3114371e-10 | GM43: 4.5e-07 | GN43: 1.23e-07 | GO43: 5.98e-09 | GP43: -2.32e-07 | GQ43: 1.49e-07 | GR43: 8.342435e-10 | GS43: 3.9557001e-06 | GT43: 1.1902417e-06 | GU43: 9.8397039e-09 | GV43: 4.9793431e-10 | GW43: 9.52e-09 | GX43: 1.34e-09 | GY43: 9.67e-10 | GZ43: 5.96e-09 | HA43: 9.5e-10 | HB43: 3.14e-07 | HC43: 9.32e-07 | HD43: 6.95e-09 | HE43: 6.59e-12 | HF43: 4.97e-09 | HG43: 5.94e-08 | HH43: 1.2124572e-06 | HI43: 2.4e-07 | HJ43: 5.98e-09 | HK43: 1.44e-08 | HL43: 2.98e-09 | HM43: 1.12e-07 | HN43: 4.79e-08 | HO43: 3.13e-10 | HP43: -8.19e-11 | HQ43: 4.77e-09 | HR43: 5.66e-08 | HS43: 6.32e-10 | HT43: -8.19e-11 | HU43: 5.21e-09 | HV43: 4.83e-09 | HW43: -8.19e-11 | HX43: 2.84e-09 | HY43: 3.7267915e-06 | HZ43: 1.974973e-05 | IA43: 0.00017 | ID43: =IA43*7 -> 0.00119 | IE43: =IB43*7 -> 0 | IF43: =IC43*7 -> 0 | IG43: 6.33e-08 | IH43: 3.82e-07 | II43: 4.87e-07 | IJ43: 1.58e-07 | IK43: 1.73e-08 | IL43: -9.22e-06 | IM43: -3.14e-05 | IN43: -4.77e-07 | IO43: -2.22e-07 | IP43: -9.6e-08 | IQ43: -7.5372049e-07 | IR43: 9.4950503e-09 | IS43: 5.7252551e-08 | IT43: 3.5035185e-07 | IU43: 4.0775233e-08 | IV43: 1.5466517e-08 | IW43: 1.3138489e-07 | IX43: 7.9138973e-07 | IY43: 1.2656134e-07 | IZ43: 7.0981769e-08 | JA43: =SUM(B43:IC43) -> 0.00027282886
A44: EF 3.0 Ecotoxicity, freshwater - total | B44: 0.0041 | C44: -5.14e-06 | D44: 1.22e-05 | E44: 8.32e-05 | F44: 0.000345 | G44: -2.83e-06 | H44: 0.00124 | I44: 0.962 | J44: 0.000156 | K44: 1.25e-05 | L44: 0.135 | M44: 0.000234 | N44: 0.00499 | O44: 0.137 | P44: 0.000156 | Q44: 1.29e-05 | R44: 0.000179 | S44: 0.000442 | T44: 6.13e-05 | U44: 0.000156 | V44: 1.92 | W44: 0.00321 | X44: 0.000156 | Y44: 0.149 | Z44: 7.67e-06 | AA44: 0.000156 | AB44: 0.01 | AC44: 0.00091 | AD44: 0.000152 | AE44: 0.0222 | AF44: 6.25e-08 | AG44: 0.000156 | AH44: 1.92 | AI44: 1.25e-05 | AJ44: 0.0096 | AK44: 0.000509 | AL44: 3.92e-05 | AM44: 2.95e-06 | AN44: 6.34e-07 | AO44: 3.19e-06 | AP44: 0.00309 | AQ44: 0.000171 | AR44: 0.000302 | AS44: 8.38e-05 | AT44: 0.00011054693 | AU44: 4.308432e-05 | AV44: 1.1407422e-05 | AW44: 1.8438672e-06 | AX44: 7.8117443e-05 | AY44: 2.32e-05 | AZ44: 2.83e-06 | BA44: 0.000349 | BB44: 0.000169 | BC44: 2.89e-05 | BD44: 5.03e-05 | BE44: 4.57e-05 | BF44: 2.17e-05 | BG44: 9.34e-07 | BH44: 0.00203 | BI44: 2.45e-05 | BJ44: 0.000139 | BK44: 0.00103 | BL44: 9.61e-05 | BM44: 6.7e-05 | BN44: 0.000245 | BO44: 2.89e-05 | BP44: 0.000612 | BQ44: 1.73e-05 | BR44: 1.38e-05 | BS44: 5.9139835e-06 | BT44: 0.00176 | BU44: 0.000126 | BV44: 0.00133 | BW44: 7.28e-05 | BX44: 4.93e-05 | BY44: 0.00173 | BZ44: 0.000139 | CA44: 0.00248 | CB44: 8.68e-05 | CC44: 9.86e-06 | CD44: 1.58e-05 | CE44: 0.0022081692 | CF44: 0.000139 | CG44: 0.00242 | CH44: 9.51e-05 | CI44: 1.18e-05 | CJ44: 4.34e-05 | CK44: 2.6e-06 | CL44: 0.000149 | CM44: 0.000206 | CN44: 1.79e-06 | CO44: 3.96e-05 | CP44: 1.293532e-05 | CQ44: 3.2383783e-05 | CR44: 0.0007689055 | CS44: 0.00010371608 | CT44: 1.6382185e-06 | CU44: 2.9529838e-05 | CV44: 2.17e-05 | CW44: 0.0148 | CX44: 0.0012 | CY44: 0.00364 | CZ44: 0.000175 | DA44: 0.00352 | DB44: 1.18e-05 | DC44: 7.45e-07 | DD44: 4.46e-05 | DE44: 3.99e-10 | DF44: 0.0001914385 | DG44: 1.5770623e-05 | DH44: 6.73e-06 | DI44: 0.0169 | DJ44: 6.85e-05 | DK44: 0.000205 | DL44: 1.5e-05 | DM44: 0.000691 | DN44: 8.6059098e-06 | DO44: 5.0357562e-06 | DP44: 0.00031747579 | DQ44: 5.08e-06 | DR44: 0.00026 | DS44: 0.00697 | DT44: 8.62e-06 | DU44: 3e-06 | DV44: 0.00091659364 | DW44: 0.00017977453 | DX44: 8.6059098e-06 | DY44: 0.0001551601 | DZ44: 0.000174 | EA44: 2.45e-07 | EB44: 0.0164 | EC44: 0.00701 | ED44: 0.000438 | EE44: 0.00020689991 | EF44: 2.8346216e-05 | EG44: 0.001399794 | EH44: 0.00044834614 | EI44: 0.036414671 | EJ44: 0.00011827967 | EK44: 0.00054613709 | EL44: 1.27e-06 | EM44: 0.000169 | EN44: 0.00424 | EO44: 1.49e-05 | EP44: 1.7e-05 | EQ44: 0.00046049281 | ER44: 0.00022202331 | ES44: 5.9595307e-05 | ET44: 0.0168 | EU44: 0.000825 | EV44: 0.000134 | EW44: 7.56e-06 | EX44: 0.000301 | EY44: 0.00451 | EZ44: 5.5046162e-06 | FA44: 6.7578517e-06 | FB44: 5.0138853e-05 | FC44: 0.0061295105 | FD44: 0.0016787498 | FE44: 3.0915667e-05 | FF44: 1.3751383e-05 | FG44: 3.0159024e-05 | FH44: 8.82e-06 | FI44: 3.91e-05 | FJ44: 0.000614 | FK44: 7.87e-07 | FL44: 6.63e-07 | FM44: 3.83e-05 | FN44: 0.000415 | FO44: 2.72e-05 | FP44: 6.01e-07 | FQ44: 6.05e-05 | FR44: 6.85e-05 | FS44: 0.00061158558 | FT44: 7.9953484e-06 | FU44: 0.00209 | FV44: 3.2e-06 | FW44: 3.99e-10 | FX44: 1.27e-05 | FY44: 1.38e-05 | FZ44: 0.0001 | GA44: 9.37e-07 | GB44: 1.38e-05 | GC44: 7.89e-05 | GD44: 2.8e-07 | GE44: 0.00086836781 | GF44: 0.000162 | GG44: 2.34e-06 | GH44: 2.12e-05 | GI44: 7.89e-05 | GJ44: 2.8e-07 | GK44: 0.00098566197 | GL44: 1.1827967e-05 | GM44: 0.00089 | GN44: 0.000414 | GO44: 6.77e-06 | GP44: 0.000115 | GQ44: 3.42e-05 | GR44: 9.4430099e-07 | GS44: 0.0071205287 | GT44: 0.0023752715 | GU44: 1.1137806e-05 | GV44: 8.623547e-05 | GW44: 5.85e-06 | GX44: 0.00015 | GY44: 0.000691 | GZ44: 1.48e-06 | HA44: 6.63e-07 | HB44: 7.21e-05 | HC44: 0.00184 | HD44: 7.87e-06 | HE44: 1.17e-06 | HF44: 1.23e-06 | HG44: 1.36e-05 | HH44: 0.0026079666 | HI44: 0.00049 | HJ44: 6.77e-06 | HK44: 8.82e-06 | HL44: 7.38e-07 | HM44: 2.58e-05 | HN44: 9.46e-05 | HO44: 3.54e-07 | HP44: 2.17e-05 | HQ44: 1.09e-06 | HR44: 0.000112 | HS44: 7.05e-07 | HT44: 2.17e-05 | HU44: 1.19e-06 | HV44: 9.56e-06 | HW44: 2.17e-05 | HX44: 6.5e-07 | HY44: 0.0042796098 | HZ44: 0.0045296967 | IA44: 15.2 | IB44: 0.00351 | IC44: 0.00547 | ID44: =IA44*7 -> 106.4 | IE44: =IB44*7 -> 0.02457 | IF44: =IC44*7 -> 0.03829 | IG44: 3.12e-05 | IH44: 0.00581 | II44: 0.000459 | IJ44: 0.000497 | IK44: 0.000134 | IL44: -0.00615 | IM44: -0.0548 | IN44: -1.84 | IO44: -0.0222 | IP44: -9.1e-05 | IQ44: -0.00070887075 | IR44: 4.6799048e-06 | IS44: 0.00087169733 | IT44: 0.00033053213 | IU44: 0.00012812763 | IV44: 0.00012014008 | IW44: 0.00018269995 | IX44: 0.0011004832 | IY44: 0.00016936873 | IZ44: 7.2073499e-05 | JA44: =SUM(B44:IC44) -> 20.695874
A45: EF 3.0 Ecotoxicity, freshwater inorganics | B45: 0.00142 | C45: -4.08e-07 | D45: 1.18e-05 | E45: 6.38e-05 | F45: 0.000316 | G45: -3.54e-07 | H45: 0.00121 | J45: 7.74e-07 | K45: 1.21e-05 | M45: 1.16e-06 | N45: 0.00487 | P45: 7.74e-07 | Q45: 1.25e-05 | R45: 1.31e-06 | S45: 0.000418 | T45: 5.94e-05 | U45: 7.74e-07 | W45: 0.00314 | X45: 7.74e-07 | Z45: 7.42e-06 | AA45: 7.74e-07 | AC45: 0.000888 | AD45: 0.000111 | AE45: 0.000421 | AF45: 3.1e-10 | AG45: 7.74e-07 | AI45: 1.21e-05 | AJ45: 0.00128 | AK45: 6.8e-05 | AL45: 3.11e-05 | AM45: 2.35e-06 | AO45: 2.34e-06 | AP45: 0.00185 | AQ45: 0.000119 | AR45: 0.00021 | AS45: 6.16e-05 | AT45: 7.705641e-05 | AU45: 8.7208119e-07 | AV45: 7.7336856e-06 | AW45: 2.3747142e-06 | AX45: 7.5630983e-05 | AY45: 1.62e-05 | AZ45: 2.08e-06 | BA45: 9.69e-07 | BB45: 0.000139 | BC45: 2.19e-07 | BD45: 4.87e-05 | BE45: 3.67e-05 | BF45: 1.64e-07 | BG45: 9.05e-07 | BH45: 0.00039 | BI45: 1.97e-05 | BJ45: 1.05e-06 | BL45: 9.3e-05 | BM45: 3.65e-05 | BN45: 4.7e-05 | BO45: 2.19e-07 | BQ45: 1.67e-05 | BR45: 7.51e-06 | BS45: 3.2165902e-06 | BT45: 0.000338 | BU45: 9.52e-07 | BW45: 7.05e-05 | BX45: 2.68e-05 | BY45: 0.000332 | BZ45: 1.05e-06 | CB45: 8.4e-05 | CC45: 5.36e-06 | CD45: 8.58e-06 | CE45: 0.00042356632 | CF45: 1.05e-06 | CH45: 9.21e-05 | CI45: 6.43e-06 | CJ45: 2.36e-05 | CK45: 1.91e-06 | CL45: 8.72e-05 | CM45: 0.000143 | CN45: 1.32e-06 | CO45: 3.74e-05 | CP45: 2.6266359e-07 | CQ45: 6.2117884e-06 | CR45: 0.00061790077 | CS45: 1.9680595e-06 | CT45: 2.1085899e-06 | CU45: 2.858991e-05 | CV45: 1.32e-05 | CW45: 0.00727 | CX45: -0.000574 | CY45: 0.00344 | CZ45: 0.000169 | DA45: 0.00245 | DB45: 8.64e-06 | DC45: 1.51e-08 | DD45: 8.46e-07 | DE45: 5.12e-10 | DF45: 0.00018534506 | DG45: 8.5775738e-06 | DH45: 4.94e-06 | DI45: 0.01 | DJ45: 5.03e-05 | DK45: 0.000143 | DL45: 1.01e-05 | DM45: 1.31e-05 | DN45: 1.1082012e-05 | DO45: 4.2092243e-06 | DP45: 0.00030737061 | DQ45: 3.74e-06 | DR45: 0.000209 | DS45: 0.00449 | DT45: 1.75e-07 | DU45: 2.03e-06 | DV45: 0.00073658455 | DW45: 3.4113032e-06 | DX45: 1.1082012e-05 | DY45: 0.00015022139 | DZ45: 0.000138 | EA45: 1.95e-07 | EB45: 0.0105 | EC45: 0.00428 | ED45: 0.000309 | EE45: 0.00016422282 | EF45: 1.9502026e-05 | EG45: 3.3291819e-05 | EH45: 3.2828704e-06 | EI45: 0.035560909 | EJ45: 6.4331804e-05 | EK45: 0.00037573904 | EL45: 7.74e-07 | EM45: 0.000124 | EN45: 0.00269 | EO45: 1.3e-05 | EP45: 1.15e-05 | EQ45: 8.7380596e-06 | ER45: -0.00011490155 | ES45: 5.7698403e-05 | ET45: 0.0109 | EU45: 5.59e-05 | EV45: 9.83e-05 | EW45: 5.13e-06 | EX45: 0.000242 | EY45: 8.56e-05 | EZ45: 6.3885907e-06 | FA45: 0 | FB45: 4.8542945e-05 | FC45: 0.0038238528 | FD45: 0.0011064547 | FE45: 2.1549674e-05 | FF45: 1.010615e-05 | FG45: 6.1045683e-07 | FH45: 5.98e-06 | FI45: 3.14e-05 | FJ45: 1.16e-05 | FK45: 1.01e-06 | FL45: 4.33e-07 | FM45: 3.71e-05 | FN45: 0.000289 | FO45: 1.89e-05 | FP45: 4.06e-07 | FQ45: 1.15e-06 | FR45: 5.73e-07 | FS45: 0 | FT45: 7.7408584e-06 | FU45: 0.00173 | FV45: 2.35e-06 | FW45: 5.12e-10 | FX45: 1.23e-05 | FY45: 7.51e-06 | FZ45: 7.08e-05 | GA45: 6.59e-07 | GB45: 1.3e-05 | GC45: 1.51e-05 | GD45: 2.22e-07 | GE45: 0.00084789512 | GF45: 0.000115 | GG45: 1.86e-06 | GH45: 2e-05 | GI45: 1.51e-05 | GJ45: 2.22e-07 | GK45: 0.00096243926 | GL45: 6.4331804e-06 | GM45: 0.000618 | GN45: 0.00027 | GO45: 4.98e-06 | GP45: -5.75e-05 | GQ45: 3.31e-05 | GR45: 6.9398452e-07 | GS45: 0.0043379408 | GT45: 0.0016555159 | GU45: 8.1853826e-06 | GV45: 1.7510906e-06 | GW45: 3.97e-06 | GX45: 0.00012 | GY45: 1.31e-05 | GZ45: 1.9e-06 | HA45: 4.33e-07 | HB45: 6.98e-05 | HC45: 0.00128 | HD45: 5.78e-06 | HE45: 2.38e-08 | HF45: 1.58e-06 | HG45: 1.32e-05 | HH45: 0.0013568138 | HI45: 0.000342 | HJ45: 4.98e-06 | HK45: 5.98e-06 | HL45: 9.5e-07 | HM45: 2.49e-05 | HN45: 6.57e-05 | HO45: 2.6e-07 | HP45: 1.64e-07 | HQ45: 1.06e-06 | HR45: 7.76e-05 | HS45: 5.18e-07 | HT45: 1.64e-07 | HU45: 1.16e-06 | HV45: 6.64e-06 | HW45: 1.64e-07 | HX45: 6.3e-07 | HY45: 0.0031419086 | HZ45: 0.0043855175 | IA45: 14.8 | IB45: 2.52e-05 | ID45: =IA45*7 -> 103.6 | IE45: =IB45*7 -> 0.0001764 | IF45: =IC45*7 -> 0 | IG45: 2.9e-05 | IH45: 0.000175 | II45: 0.000355 | IJ45: 0.000147 | IK45: 0.000126 | IL45: -0.00386 | IM45: -0.0385 | IN45: -0.000498 | IO45: -0.00551 | IP45: -4.49e-05 | IQ45: -0.0003772367 | IR45: 4.3499275e-06 | IS45: 2.6229273e-05 | IT45: 0.00025513033 | IU45: 3.7975267e-05 | IV45: 0.00011260406 | IW45: 0.00011088822 | IX45: 0.00066792914 | IY45: 0.00010121122 | IZ45: 3.7651866e-05 | JA45: =SUM(B45:IC45) -> 14.941786
A46: EF 3.0 Ecotoxicity, freshwater metals | B46: 0.00265 | C46: -4.84e-06 | D46: 2.44e-07 | E46: 1.9e-05 | F46: 2.57e-05 | G46: -4.43e-06 | H46: 1.92e-05 | J46: -1.21e-05 | K46: 2.5e-07 | M46: -1.81e-05 | N46: 7.74e-05 | P46: -1.21e-05 | Q46: 2.57e-07 | R46: -8.04e-06 | S46: 1.62e-05 | T46: 1.22e-06 | U46: -1.21e-05 | W46: 4.99e-05 | X46: -1.21e-05 | Z46: 1.53e-07 | AA46: -1.21e-05 | AC46: 1.41e-05 | AD46: 3.94e-05 | AE46: 0.00816 | AF46: -4.83e-09 | AG46: -1.21e-05 | AI46: 2.5e-07 | AJ46: 0.00831 | AK46: 0.000441 | AL46: 7.2e-06 | AM46: 5.43e-07 | AO46: 8.29e-07 | AP46: 0.000804 | AQ46: 4.55e-05 | AR46: 8.22e-05 | AS46: 2.18e-05 | AT46: 2.9772209e-05 | AU46: 4.1977868e-05 | AV46: 3.6319159e-06 | AW46: -1.350975e-06 | AX46: 1.5546525e-06 | AY46: 6.25e-06 | AZ46: 7.36e-07 | BA46: 0.000347 | BB46: 1.25e-05 | BC46: -1.34e-06 | BD46: 1e-06 | BE46: 9.45e-07 | BF46: -1e-06 | BG46: 1.86e-08 | BH46: 0.00164 | BI46: 5.06e-07 | BJ46: -6.43e-06 | BL46: 1.91e-06 | BM46: 3.02e-05 | BN46: 0.000198 | BO46: -1.34e-06 | BQ46: 3.44e-07 | BR46: 6.22e-06 | BS46: 2.6636233e-06 | BT46: 0.00142 | BU46: -5.83e-06 | BW46: 1.45e-06 | BX46: 2.22e-05 | BY46: 0.00139 | BZ46: -6.43e-06 | CB46: 1.73e-06 | CC46: 4.44e-06 | CD46: 7.1e-06 | CE46: 0.0017817663 | CF46: -6.43e-06 | CH46: 1.89e-06 | CI46: 5.33e-06 | CJ46: 1.95e-05 | CK46: 6.75e-07 | CL46: 4.03e-05 | CM46: 5.62e-05 | CN46: 4.66e-07 | CO46: 1.45e-06 | CP46: 1.2602341e-05 | CQ46: 2.6130396e-05 | CR46: 1.5892327e-05 | CS46: 3.8133132e-05 | CT46: -1.1991265e-06 | CU46: 5.8768738e-07 | CV46: 8.33e-06 | CW46: 0.00725 | CX46: -0.000821 | CY46: 0.00019 | CZ46: 3.48e-06 | DA46: 0.000947 | DB46: 3.06e-06 | DC46: 7.26e-07 | DD46: 1.64e-05 | DE46: -2.91e-10 | DF46: 3.8099089e-06 | DG46: 7.1029955e-06 | DH46: 1.75e-06 | DI46: 0.00453 | DJ46: 1.78e-05 | DK46: 5.59e-05 | DL46: 4.76e-06 | DM46: 0.000254 | DN46: -6.3046061e-06 | DO46: 7.9497844e-07 | DP46: 6.318237e-06 | DQ46: 1.32e-06 | DR46: 5.37e-06 | DS46: 0.00173 | DT46: 8.4e-06 | DU46: 9.55e-07 | DV46: 1.8944858e-05 | DW46: 6.6097428e-05 | DX46: -6.3046061e-06 | DY46: 3.0879151e-06 | DZ46: 3.44e-05 | EA46: 4.85e-08 | EB46: 0.00399 | EC46: 0.00161 | ED46: 0.000114 | EE46: 4.091453e-05 | EF46: 8.7380098e-06 | EG46: 0.00050764723 | EH46: -2.0094074e-05 | EI46: 0.00056505245 | EJ46: 5.3272466e-05 | EK46: 0.00016835232 | EL46: 4.87e-07 | EM46: 4.4e-05 | EN46: 0.00117 | EO46: 1.77e-06 | EP46: 5.42e-06 | EQ46: 0.00016930869 | ER46: -0.00016359078 | ES46: 1.1860346e-06 | ET46: 0.00463 | EU46: 2.19e-05 | EV46: 3.48e-05 | EW46: 2.41e-06 | EX46: 6.21e-06 | EY46: 0.00166 | EZ46: -9.3797816e-07 | FA46: 0 | FB46: 9.9783721e-07 | FC46: 0.0017677282 | FD46: 0.00045117572 | FE46: 8.3261261e-06 | FF46: 3.5748404e-06 | FG46: 2.9384508e-05 | FH46: 2.81e-06 | FI46: 8.08e-07 | FJ46: 0.000226 | FK46: -5.76e-07 | FL46: 2.28e-07 | FM46: 7.63e-07 | FN46: 0.000112 | FO46: 7.32e-06 | FP46: 1.96e-07 | FQ46: 2.23e-05 | FR46: -3.51e-06 | FS46: 0 | FT46: 1.5911924e-07 | FU46: 0.000324 | FV46: 8.31e-07 | FW46: -2.91e-10 | FX46: 2.53e-07 | FY46: 6.22e-06 | FZ46: 2.61e-05 | GA46: 2.46e-07 | GB46: 5.05e-07 | GC46: 6.37e-05 | GD46: -1.78e-07 | GE46: 1.3533878e-05 | GF46: 4.23e-05 | GG46: 4.64e-07 | GH46: 7.78e-07 | GI46: 6.37e-05 | GJ46: -1.78e-07 | GK46: 1.535395e-05 | GL46: 5.3272466e-06 | GM46: 0.000242 | GN46: 0.000133 | GO46: 1.76e-06 | GP46: -8.27e-05 | GQ46: 6.8e-07 | GR46: 2.454826e-07 | GS46: 0.0022581511 | GT46: 0.00064022316 | GU46: 2.895409e-06 | GV46: 8.4015609e-05 | GW46: 1.86e-06 | GX46: 3.09e-06 | GY46: 0.000254 | GZ46: -1.08e-06 | HA46: 2.28e-07 | HB46: 1.43e-06 | HC46: 0.000501 | HD46: 2.05e-06 | HE46: 1.14e-06 | HF46: -9e-07 | HG46: 2.71e-07 | HH46: 0.00066023094 | HI46: 0.000132 | HJ46: 1.76e-06 | HK46: 2.81e-06 | HL46: -5.4e-07 | HM46: 5.13e-07 | HN46: 2.57e-05 | HO46: 9.21e-08 | HP46: -1e-06 | HQ46: 2.18e-08 | HR46: 3.04e-05 | HS46: 1.84e-07 | HT46: -1e-06 | HU46: 2.38e-08 | HV46: 2.6e-06 | HW46: -1e-06 | HX46: 1.29e-08 | HY46: -0.00075310293 | HZ46: 9.0147653e-05 | IA46: 0.235 | ID46: =IA46*7 -> 1.645 | IE46: =IB46*7 -> 0 | IF46: =IC46*7 -> 0 | IG46: 1.97e-06 | IH46: 0.00563 | II46: 0.000102 | IJ46: 6.2e-05 | IK46: 3.7e-06 | IL46: -0.00227 | IM46: -0.0145 | IN46: -0.000923 | IO46: -0.00841 | IP46: -4.67e-05 | IQ46: -0.0003928958 | IR46: 2.9471959e-07 | IS46: 0.00084525547 | IT46: 7.3612406e-05 | IU46: 1.5984131e-05 | IV46: 3.3161924e-06 | IW46: 7.1083811e-05 | IX46: 0.00042816946 | IY46: 6.7505729e-05 | IZ46: 3.4210716e-05 | JA46: =SUM(B46:IC46) -> 0.299203
